The Prophet & Level One - Make Some Noise | Official Hardstyle Video,https://www.youtube.com/watch?v=smCUfW62V80&list=PLblHf1C6WdiEqI0RcPhlOZ2WscZEHzUah&index=883,Scantraxx,2024-07-05 14:17:35,2023-10-05 14:00:10,False
The Prophet - Listen To Your Hardcore | Live,https://www.youtube.com/watch?v=q7FngccFBxY&list=PLblHf1C6WdiEqI0RcPhlOZ2WscZEHzUah&index=882,Scantraxx,2024-07-05 14:20:34,2023-09-22 09:00:43,False
D-Sturb & Mutilator - Calling My Name (Official Videoclip),https://www.youtube.com/watch?v=AsTLQqERIX4&list=PLblHf1C6WdiEqI0RcPhlOZ2WscZEHzUah&index=881,D-Sturb,2024-07-05 14:29:06,2024-07-05 10:00:07,False
Aftershock - Colorblind,https://www.youtube.com/watch?v=SUBnR1IcNXk&list=PLblHf1C6WdiEqI0RcPhlOZ2WscZEHzUah&index=880,Art of Creation,2024-07-05 16:41:02,2024-07-05 10:00:07,False
Tell Me,https://www.youtube.com/watch?v=ve7PpbRE008&list=PLblHf1C6WdiEqI0RcPhlOZ2WscZEHzUah&index=879,Bloodlust - Topic,2024-07-08 10:25:50,2024-03-13 10:03:16,False
Cry For You,https://www.youtube.com/watch?v=Vt5w3rn6ZGM&list=PLblHf1C6WdiEqI0RcPhlOZ2WscZEHzUah&index=878,Bloodlust - Topic,2024-07-08 12:08:49,2024-02-07 10:03:43,False
Satisfy,https://www.youtube.com/watch?v=ezDjH1GbnEs&list=PLblHf1C6WdiEqI0RcPhlOZ2WscZEHzUah&index=877,Nero - Topic,2024-07-08 13:43:11,2018-07-24 19:04:47,False
Colorblind (Hard Mix),https://www.youtube.com/watch?v=xQdTwpFAfcE&list=PLblHf1C6WdiEqI0RcPhlOZ2WscZEHzUah&index=876,Aftershock - Topic,2024-07-09 11:28:56,2024-07-04 10:01:02,False
VISHY - U&I | Devotions: Chapter 4 | Basscon Records,https://www.youtube.com/watch?v=6qO4cAasCfo&list=PLblHf1C6WdiEqI0RcPhlOZ2WscZEHzUah&index=875,Basscon,2024-07-12 17:15:12,2024-06-22 19:30:00,False
Level One & Iris Goes - Infinite Illusion | Official Hardstyle Music Video,https://www.youtube.com/watch?v=IuxnCdwEKtk&list=PLblHf1C6WdiEqI0RcPhlOZ2WscZEHzUah&index=874,Scantraxx,2024-07-12 17:31:51,2024-07-12 16:00:08,False
Nighcraft & Chapter V ft. TNYA - The Unknown | Official Hardstyle Music Video,https://www.youtube.com/watch?v=sg_p3qUvawY&list=PLblHf1C6WdiEqI0RcPhlOZ2WscZEHzUah&index=873,Scantraxx,2024-07-12 17:49:21,2024-07-11 14:00:07,False
Sound Rush & Jurgen Vries & Ecstatic ft. MERYLL - Heat Of The Moment (Official Video),https://www.youtube.com/watch?v=o2syq6TVRTM&list=PLblHf1C6WdiEqI0RcPhlOZ2WscZEHzUah&index=872,Sound Rush,2024-07-12 17:50:20,2024-07-11 15:24:32,False
Sefa & D-Block & S-te-Fan - Symphony of Life (Official Video),https://www.youtube.com/watch?v=bWbLwbwhKsk&list=PLblHf1C6WdiEqI0RcPhlOZ2WscZEHzUah&index=871,Sefa,2024-07-27 09:04:39,2024-07-19 14:00:08,False
Radical Redemption - Brutal 11.0 (Official Music Video),https://www.youtube.com/watch?v=5lGRHBUeOFM&list=PLblHf1C6WdiEqI0RcPhlOZ2WscZEHzUah&index=870,Radical Redemption,2024-07-27 09:13:31,2024-07-18 14:00:06,False
Dual Damage - Burning Down (Official Video),https://www.youtube.com/watch?v=3YJ4ppo9EnU&list=PLblHf1C6WdiEqI0RcPhlOZ2WscZEHzUah&index=869,Ravage Records,2024-07-28 16:17:53,2024-07-25 15:00:03,False
Sickmode & Rooler & Riot Shift - WITHOUT YOU (Official Videoclip),https://www.youtube.com/watch?v=WEBaZPsBQKE&list=PLblHf1C6WdiEqI0RcPhlOZ2WscZEHzUah&index=868,Aggressive Records,2024-07-31 05:01:55,2024-07-22 15:00:08,False
Dimitri Vegas & Like Mike & Tiësto & Dido & W&W - Thank You (Not So Bad) (Act of Rage Bootleg),https://www.youtube.com/watch?v=JkzhOVhwasQ&list=PLblHf1C6WdiEqI0RcPhlOZ2WscZEHzUah&index=867,Act of Rage,2024-07-31 06:11:39,2024-07-18 14:49:17,False
Warface - Heart Bass (Official Video),https://www.youtube.com/watch?v=U65GlM-GgQw&list=PLblHf1C6WdiEqI0RcPhlOZ2WscZEHzUah&index=866,WARFACE,2024-07-31 06:23:43,2024-07-18 17:00:07,False
Wildstylez & Sound Rush - Defiance (Defqon.1 2024),https://www.youtube.com/watch?v=0_KugfEiY20&list=PLblHf1C6WdiEqI0RcPhlOZ2WscZEHzUah&index=865,Sound Rush,2024-07-31 06:25:43,2024-07-20 12:25:18,False
Ran-D ft. Diandra Faye - When The Gods Call (Defqon.1 Opening Ceremony 2024 OST) | Defqon.1 Records,https://www.youtube.com/watch?v=zGtnjtfk39c&list=PLblHf1C6WdiEqI0RcPhlOZ2WscZEHzUah&index=864,Q-dance Music,2024-08-01 06:07:04,2024-07-31 19:00:06,False
Adjuzt & Fraw - Shooting Star (Official Video),https://www.youtube.com/watch?v=PFn55ryCkO8&list=PLblHf1C6WdiEqI0RcPhlOZ2WscZEHzUah&index=863,Gearbox Digital,2024-08-01 06:10:05,2024-07-25 17:00:07,False
Devin Wild - The Insanity Inside (Into The Madness 2024 OST) | Official Hardstyle Music Video,https://www.youtube.com/watch?v=rjgqYTGhbnQ&list=PLblHf1C6WdiEqI0RcPhlOZ2WscZEHzUah&index=862,Scantraxx,2024-08-04 13:06:22,2024-08-02 08:00:39,False
It's Alright,https://www.youtube.com/watch?v=jOYQLjAfxrk&list=PLblHf1C6WdiEqI0RcPhlOZ2WscZEHzUah&index=861,DJ Buzz Fuzz - Topic,2024-08-16 17:44:09,2020-06-16 16:57:53,False
Deadly Guns - Blow The Speakers (Official Videoclip),https://www.youtube.com/watch?v=-0HDk3ELA3M&list=PLblHf1C6WdiEqI0RcPhlOZ2WscZEHzUah&index=860,Deadly Guns,2024-08-16 17:52:38,2024-08-16 08:00:44,False
B-Front & Adrenalize - Eternal | Defqon.1 Records,https://www.youtube.com/watch?v=erUke5aXPPE&list=PLblHf1C6WdiEqI0RcPhlOZ2WscZEHzUah&index=859,Q-dance Music,2024-08-16 18:01:48,2024-08-15 18:00:21,False
DJ Weirdo & Dr Phil Omanski  - Young Birds (Project Stigma Remix),https://www.youtube.com/watch?v=yNunKSB8SJ8&list=PLblHf1C6WdiEqI0RcPhlOZ2WscZEHzUah&index=858,Derailed Traxx Black,2024-08-16 18:42:03,2019-01-13 23:00:02,False
"KATI K, FiNCH - Erwischt (Official Video)",https://www.youtube.com/watch?v=-Qdba0KBxzA&list=PLblHf1C6WdiEqI0RcPhlOZ2WscZEHzUah&index=857,katikVEVO,2024-08-17 07:56:49,2024-04-18 22:00:06,False
Trye & Qaos - Never Look Back [Euphoric Hardstyle],https://www.youtube.com/watch?v=-LyC1F5G7CI&list=PLblHf1C6WdiEqI0RcPhlOZ2WscZEHzUah&index=856,Trye,2024-08-19 15:45:04,2020-09-25 14:30:02,False
PHUTURE NOIZE & B-FRONT - THE TRIBUTE | OFFICIAL VIDEOCLIP,https://www.youtube.com/watch?v=5EmWvIVYIug&list=PLblHf1C6WdiEqI0RcPhlOZ2WscZEHzUah&index=855,B-Front,2024-08-23 16:12:57,2024-08-23 15:00:04,False
Ghost Stories - Embrace The Dark | Defqon.1 Records,https://www.youtube.com/watch?v=rTRIiqXwLks&list=PLblHf1C6WdiEqI0RcPhlOZ2WscZEHzUah&index=854,Q-dance Music,2024-08-23 16:21:12,2024-08-23 09:00:06,False
HARRIS & FORD x PAUL ELSTAK x BOOGSHE - RAVERHEART (OFFICIAL VIDEO 4K),https://www.youtube.com/watch?v=1It7OW5YGQc&list=PLblHf1C6WdiEqI0RcPhlOZ2WscZEHzUah&index=853,Harris & Ford,2024-08-23 16:59:53,2024-08-23 10:32:09,False
"Showtek, Sam Pounds - Good Times [OFFICIAL VIDEO]",https://www.youtube.com/watch?v=FtjbYiQQya8&list=PLblHf1C6WdiEqI0RcPhlOZ2WscZEHzUah&index=852,Showtek,2024-08-24 15:36:18,2024-08-21 22:00:16,False
Wildstylez & Showtek - Favourite Song (Official Videoclip),https://www.youtube.com/watch?v=Re0iG6PJybU&list=PLblHf1C6WdiEqI0RcPhlOZ2WscZEHzUah&index=851,Art of Creation,2024-08-30 15:58:19,2024-08-30 10:00:07,False
D-Sturb - G.L.Y. | Defqon.1 Records,https://www.youtube.com/watch?v=m_VQcu-xLeA&list=PLblHf1C6WdiEqI0RcPhlOZ2WscZEHzUah&index=850,Q-dance Music,2024-08-30 18:43:39,2024-08-29 19:00:07,False
Unicorn On Ketamine & Andy The Core - REALLY HOT,https://www.youtube.com/watch?v=GFKjSgGxlVI&list=PLblHf1C6WdiEqI0RcPhlOZ2WscZEHzUah&index=849,Unicorn On K,2024-08-31 17:32:30,2024-08-31 10:00:15,False
Nightcraft - Not Alone | Official Hardstyle Video,https://www.youtube.com/watch?v=3RDdKThiAh0&list=PLblHf1C6WdiEqI0RcPhlOZ2WscZEHzUah&index=848,Scantraxx,2024-09-01 11:19:23,2024-01-25 15:00:10,False
Jebroer x Bassbrain - IJSCOMAN,https://www.youtube.com/watch?v=bZlqEDu45KI&list=PLblHf1C6WdiEqI0RcPhlOZ2WscZEHzUah&index=847,ROQ 'N ROLLA Music,2024-09-03 07:57:55,2024-07-08 13:00:37,False
Dimitri K - New School Rules (Official Videoclip),https://www.youtube.com/watch?v=WUFibpoO2Ak&list=PLblHf1C6WdiEqI0RcPhlOZ2WscZEHzUah&index=846,Dimitri K,2024-09-03 08:17:22,2024-08-29 18:00:07,False
Requiem For Frenchcore,https://www.youtube.com/watch?v=0uH_rkd60TE&list=PLblHf1C6WdiEqI0RcPhlOZ2WscZEHzUah&index=845,Sefa - Topic,2024-09-04 11:06:10,2024-08-29 10:00:01,False
Rave Angel - S3RL ft Ella,https://www.youtube.com/watch?v=elf54QR83tk&list=PLblHf1C6WdiEqI0RcPhlOZ2WscZEHzUah&index=844,S3RL,2024-09-05 13:06:29,2024-09-04 23:16:50,False
D-Fence - Not So Bad (Hardcore Version),https://www.youtube.com/watch?v=TDLsl3F_B-A&list=PLblHf1C6WdiEqI0RcPhlOZ2WscZEHzUah&index=843,D-Fence,2024-09-06 17:00:34,2024-09-05 14:20:55,False
Junior Jack - Stupidisco (Official Video),https://www.youtube.com/watch?v=B0QvR1eP2yg&list=PLblHf1C6WdiEqI0RcPhlOZ2WscZEHzUah&index=842,[PIAS],2024-09-07 18:05:05,2009-12-09 17:59:45,False
Mish & Carola - HYPNOTISED (Official Videoclip),https://www.youtube.com/watch?v=gXesmoyRebQ&list=PLblHf1C6WdiEqI0RcPhlOZ2WscZEHzUah&index=841,Aggressive Records,2024-09-12 14:44:40,2024-09-12 08:00:23,False
Devin Wild - Into Deep (ft. Nathalie Blue) | Official Hardstyle Video,https://www.youtube.com/watch?v=nyZcdrZthtw&list=PLblHf1C6WdiEqI0RcPhlOZ2WscZEHzUah&index=840,Scantraxx,2024-09-13 18:24:40,2024-09-13 08:00:07,False
Andy The Core & Detest - HARDCORE MF (NO RULES),https://www.youtube.com/watch?v=PZhVyF49zWw&list=PLblHf1C6WdiEqI0RcPhlOZ2WscZEHzUah&index=839,Andy The Core,2024-09-14 08:36:12,2024-02-26 11:13:36,False
"Restricted, Nik Sitz - Tunnel Vision",https://www.youtube.com/watch?v=eaqxUlAq6eI&list=PLblHf1C6WdiEqI0RcPhlOZ2WscZEHzUah&index=838,Bounce & Bass,2024-09-17 06:40:02,2024-08-19 18:14:22,False
Põhja-Tallinn - Lähen Ja Tulen (Official HD),https://www.youtube.com/watch?v=Jr2n9LbY2x4&list=PLblHf1C6WdiEqI0RcPhlOZ2WscZEHzUah&index=837,Põhja-Tallinn,2024-09-19 18:30:44,2012-03-10 21:59:50,False
Anstandslos & Durchgeknallt x MizzLed - Alles Kaputt (Official Video),https://www.youtube.com/watch?v=KqbAQ9EeyOI&list=PLblHf1C6WdiEqI0RcPhlOZ2WscZEHzUah&index=836,Anstandslos & Durchgeknallt,2024-09-29 01:41:18,2023-08-03 22:00:11,False
Paradies - Anstandslos & Durchgeknallt x Vivi Minu,https://www.youtube.com/watch?v=esuHNTPPlUQ&list=PLblHf1C6WdiEqI0RcPhlOZ2WscZEHzUah&index=835,Anstandslos & Durchgeknallt,2024-09-29 01:42:37,2024-08-01 22:00:06,False
Anstandslos & Durchgeknallt - Affen an die Macht,https://www.youtube.com/watch?v=4EbB3avML-8&list=PLblHf1C6WdiEqI0RcPhlOZ2WscZEHzUah&index=834,Anstandslos & Durchgeknallt,2024-09-29 01:45:39,2024-06-21 16:00:10,False
Krowdexx - LOVE DON'T LET ME GO (Official Visualizer),https://www.youtube.com/watch?v=TNr5jMQK-vM&list=PLblHf1C6WdiEqI0RcPhlOZ2WscZEHzUah&index=833,Aggressive Records,2024-10-03 15:55:57,2024-10-03 08:00:28,False
Tiscore x 89ers – Together,https://www.youtube.com/watch?v=FBHu6bbqMgs&list=PLblHf1C6WdiEqI0RcPhlOZ2WscZEHzUah&index=832,Kontor.TV,2024-10-04 19:41:25,2024-10-04 14:00:18,False
FiNCH x MiA JULiA - WiR ESKALiEREN (prod. Dasmo & Mania Music),https://www.youtube.com/watch?v=YP2hZotxZ2I&list=PLblHf1C6WdiEqI0RcPhlOZ2WscZEHzUah&index=831,FiNCH,2024-10-05 10:20:43,2022-05-19 22:00:12,False
Forget It,https://www.youtube.com/watch?v=JANFr9vCCVc&list=PLblHf1C6WdiEqI0RcPhlOZ2WscZEHzUah&index=830,Frontliner - Topic,2024-10-11 15:12:28,2024-02-29 10:02:28,False
Sefa & Devin Wild - Into Space (Official Video),https://www.youtube.com/watch?v=yEWTPJ6cb18&list=PLblHf1C6WdiEqI0RcPhlOZ2WscZEHzUah&index=829,Sefa,2024-10-11 15:17:03,2024-10-10 14:00:55,False
Deadly Guns x Dimitri K - The End (Official Videoclip),https://www.youtube.com/watch?v=HdbEdvDw7mM&list=PLblHf1C6WdiEqI0RcPhlOZ2WscZEHzUah&index=828,Dimitri K,2024-10-12 06:53:34,2024-10-11 16:36:20,False
Odium - In The End (Official Music Video),https://www.youtube.com/watch?v=8q2OircoOXI&list=PLblHf1C6WdiEqI0RcPhlOZ2WscZEHzUah&index=827,odium,2024-10-12 15:29:31,2024-10-10 22:00:06,False
"Dr. Peacock, Doris & D'ort - UNIFYD",https://www.youtube.com/watch?v=AZTpfQj9AfU&list=PLblHf1C6WdiEqI0RcPhlOZ2WscZEHzUah&index=826,Dr. Peacock,2024-10-18 08:28:36,2024-10-17 16:30:07,False
2 Engel & Charlie x LUNAX x Jebroer – Nicht Nach Hause (Official Video),https://www.youtube.com/watch?v=sId5T6zuv84&list=PLblHf1C6WdiEqI0RcPhlOZ2WscZEHzUah&index=825,LUNAX,2024-10-18 08:44:21,2024-10-17 14:00:22,False
Korsakoff & Rayvolt ft. ILITSYA - Remedy,https://www.youtube.com/watch?v=gOamFgLiPNg&list=PLblHf1C6WdiEqI0RcPhlOZ2WscZEHzUah&index=824,Masters of Hardcore,2024-10-18 08:49:06,2024-10-15 08:44:12,False
Sub Zero Project & Rebelion - Save Me (Official Hardstyle Video),https://www.youtube.com/watch?v=iYz9jyueWwY&list=PLblHf1C6WdiEqI0RcPhlOZ2WscZEHzUah&index=823,Dirty Workz,2024-10-20 13:33:12,2024-10-03 17:00:32,False
Remzcore - 1996 👾,https://www.youtube.com/watch?v=RErizYQdiTw&list=PLblHf1C6WdiEqI0RcPhlOZ2WscZEHzUah&index=822,Remzcore,2024-10-22 06:38:14,2024-10-21 16:00:26,False
Dr. Peacock & Mr. Ivex - Voice Of The Void,https://www.youtube.com/watch?v=Id2sxuB-les&list=PLblHf1C6WdiEqI0RcPhlOZ2WscZEHzUah&index=821,Dr. Peacock,2024-10-23 06:55:01,2024-02-22 19:00:09,False
K1 & Aradia - You | Q-dance presents NEXT,https://www.youtube.com/watch?v=4inPF3-_SvA&list=PLblHf1C6WdiEqI0RcPhlOZ2WscZEHzUah&index=820,Q-dance Music,2024-10-23 16:08:15,2024-10-23 15:36:37,False
atmozfears | daydreamer,https://www.youtube.com/watch?v=F468n3_TO_s&list=PLblHf1C6WdiEqI0RcPhlOZ2WscZEHzUah&index=819,ATMOZFEARS,2024-10-24 05:38:09,2024-10-24 00:33:43,False
AVA CROWN x ZANA x Jungle Jonsson - Forever Yours (Lyric Video),https://www.youtube.com/watch?v=R-mTQCqzkS8&list=PLblHf1C6WdiEqI0RcPhlOZ2WscZEHzUah&index=818,Ava Crown,2024-10-24 14:42:50,2024-04-05 12:13:50,False
GPF x Dr Donk: VROOM VROOM (Official Video),https://www.youtube.com/watch?v=U2qtC-EA79o&list=PLblHf1C6WdiEqI0RcPhlOZ2WscZEHzUah&index=817,GPF,2024-10-25 05:53:09,2024-10-24 15:00:29,False
Colin Hennerz - Halo,https://www.youtube.com/watch?v=ju4gLYMG76k&list=PLblHf1C6WdiEqI0RcPhlOZ2WscZEHzUah&index=816,Colin Hennerz,2024-10-25 15:39:55,2024-10-25 06:44:02,False
Colin Hennerz & Yosuf - Freed From Desire,https://www.youtube.com/watch?v=iMCsJ-Pq9K0&list=PLblHf1C6WdiEqI0RcPhlOZ2WscZEHzUah&index=815,Colin Hennerz,2024-10-25 15:42:22,2024-08-16 12:23:33,False
NOISETIME x NIKSTER x LEZA - Nebel & Weißwein (Official Lyric Video),https://www.youtube.com/watch?v=F_zEWrEH7Dg&list=PLblHf1C6WdiEqI0RcPhlOZ2WscZEHzUah&index=814,NOISETIME,2024-10-25 15:44:54,2024-10-25 13:40:58,False
Wildstylez & Sound Rush - Defiance (Official Videoclip),https://www.youtube.com/watch?v=v06-naI2Zcc&list=PLblHf1C6WdiEqI0RcPhlOZ2WscZEHzUah&index=813,Art of Creation,2024-10-25 16:26:42,2024-10-25 10:00:07,False
Ran-D x D-Block & S-te-Fan - Behind Enemy Lines (official videoclip),https://www.youtube.com/watch?v=TRgxuHPWPGs&list=PLblHf1C6WdiEqI0RcPhlOZ2WscZEHzUah&index=812,Ran-D,2024-10-25 16:31:21,2024-10-25 10:00:36,False
Restrained & Aftermath - Kryptonite (Official Music Video),https://www.youtube.com/watch?v=zxlTIEiGa2Y&list=PLblHf1C6WdiEqI0RcPhlOZ2WscZEHzUah&index=811,Restrained,2024-10-25 16:36:08,2024-10-24 15:00:06,False
Bloodlust feat. Carola - The Light,https://www.youtube.com/watch?v=8GsXwhxx-UI&list=PLblHf1C6WdiEqI0RcPhlOZ2WscZEHzUah&index=810,End of Line Recordings,2024-10-26 17:59:40,2020-05-26 14:56:44,False
Unknown Analoq - Blackout (B-Front Remix) (#A2REC077 Preview),https://www.youtube.com/watch?v=LZpJ7aV8vV8&list=PLblHf1C6WdiEqI0RcPhlOZ2WscZEHzUah&index=809,Scantraxx,2024-10-26 18:01:34,2014-06-30 14:00:06,False
Dark Oscillators - Food for Woofers (A-Style Mix),https://www.youtube.com/watch?v=IWS_YNn7lgA&list=PLblHf1C6WdiEqI0RcPhlOZ2WscZEHzUah&index=808,TrueHardstyleSounds,2024-10-26 18:02:47,2014-12-11 22:52:51,False
B-Front & Udex - Down In Flames (Official Video),https://www.youtube.com/watch?v=n6MMqm_qjfw&list=PLblHf1C6WdiEqI0RcPhlOZ2WscZEHzUah&index=807,B-Front,2024-10-26 18:03:42,2024-07-25 14:00:45,False
Armin van Buuren - Sound Of The Drums (Degos & Re-Done Bootleg),https://www.youtube.com/watch?v=EhrOgYhoxHY&list=PLblHf1C6WdiEqI0RcPhlOZ2WscZEHzUah&index=806,degosredone,2024-10-26 18:04:36,2020-04-03 17:00:11,False
The Partysquad & Paul Elstak – Oh My (Dimitri K Remix) [Official Music Video],https://www.youtube.com/watch?v=x0U8S35mm38&list=PLblHf1C6WdiEqI0RcPhlOZ2WscZEHzUah&index=805,Spinnin' Records,2024-10-26 18:05:21,2024-09-16 15:00:58,False
Brooklyn Bounce & Dj Zealot - True Hardstyler (Silver Nikan Remix),https://www.youtube.com/watch?v=w6d815a07vs&list=PLblHf1C6WdiEqI0RcPhlOZ2WscZEHzUah&index=804,ScreamingLord27,2024-10-26 18:06:13,2012-02-17 12:04:34,False
Isaac vs. Simian - We Are Your Friends,https://www.youtube.com/watch?v=iZ_tDNUXKl0&list=PLblHf1C6WdiEqI0RcPhlOZ2WscZEHzUah&index=803,DJ ISAAC,2024-10-26 18:07:03,2010-10-26 03:32:15,False
Luca Testa feat. Philip Matta - Roads (Official Lyric Video),https://www.youtube.com/watch?v=yobkweBiF4U&list=PLblHf1C6WdiEqI0RcPhlOZ2WscZEHzUah&index=802,Dutch Master Works,2024-10-26 18:10:42,2020-09-04 16:00:24,False
Sickmode - KLAPLONGEN (KROWDEXX ZAAGLONGEN EDIT) (Official Visualizer),https://www.youtube.com/watch?v=_HgjirQqVS8&list=PLblHf1C6WdiEqI0RcPhlOZ2WscZEHzUah&index=801,Aggressive Records,2024-10-26 18:13:59,2024-05-02 08:14:09,False
KELTEK & Act of Rage - To The Limit | Official Hardstyle Music Video,https://www.youtube.com/watch?v=QGggI0mxBQQ&list=PLblHf1C6WdiEqI0RcPhlOZ2WscZEHzUah&index=800,Scantraxx,2024-10-26 18:14:19,2024-08-15 16:35:57,False
KELTEK – The Alignment | Qlimax The Source | Official Music Video,https://www.youtube.com/watch?v=GbGFMiLufVc&list=PLblHf1C6WdiEqI0RcPhlOZ2WscZEHzUah&index=799,Q-dance,2024-10-26 18:16:34,2021-01-13 19:00:08,False
Primeshock ft. TNYA - Chasing The Storm (Official Hardstyle Video),https://www.youtube.com/watch?v=y8dmfOQvvrA&list=PLblHf1C6WdiEqI0RcPhlOZ2WscZEHzUah&index=798,Dirty Workz,2024-10-26 18:17:20,2023-04-28 10:00:07,False
DNZF211 // CHIPBOY - SONG OF STORMS (Official Video DNZ RECORDS),https://www.youtube.com/watch?v=VoPuc6U670k&list=PLblHf1C6WdiEqI0RcPhlOZ2WscZEHzUah&index=797,dnzrecords,2024-10-26 18:18:11,2016-07-01 14:02:45,False
Sub Zero Project - Maze Of Memories (Reverze Anthem 2024) (Official Hardstyle Video),https://www.youtube.com/watch?v=eeLgkW0WqQQ&list=PLblHf1C6WdiEqI0RcPhlOZ2WscZEHzUah&index=796,Dirty Workz,2024-10-26 18:20:37,2024-02-09 11:15:09,False
Electricity,https://www.youtube.com/watch?v=ebKuremV7g4&list=PLblHf1C6WdiEqI0RcPhlOZ2WscZEHzUah&index=795,Frontliner - Topic,2024-10-26 18:23:57,2024-03-22 16:00:27,False
Pherato x Tha Watcher - Fall Down (Official Video),https://www.youtube.com/watch?v=kU9eUwGSYZk&list=PLblHf1C6WdiEqI0RcPhlOZ2WscZEHzUah&index=794,Dirty Workz,2024-10-26 18:31:33,2021-04-26 17:00:14,False
Coone ft. Scope DJ - Traveling (Da Tweekaz Remix),https://www.youtube.com/watch?v=Ftq-zreDx50&list=PLblHf1C6WdiEqI0RcPhlOZ2WscZEHzUah&index=793,Da Tweekaz,2024-10-26 18:33:27,2014-08-06 01:00:00,False
[Techno] Bert Van Engel - Live Forever 2016 (Basslovers United Hands Up Remix),https://www.youtube.com/watch?v=wSVfIQrOgGg&list=PLblHf1C6WdiEqI0RcPhlOZ2WscZEHzUah&index=792,HandsUp Freaks,2024-10-26 18:35:33,2016-02-11 16:33:45,False
Legion - Shine [NEXT049],https://www.youtube.com/watch?v=hQmjF0wULJw&list=PLblHf1C6WdiEqI0RcPhlOZ2WscZEHzUah&index=791,Q-dance Music,2024-10-26 18:39:50,2018-09-01 11:48:29,False
Nightstalkerz - Feel The Heat (Maziano Jump Mix),https://www.youtube.com/watch?v=56fNy6SRT9o&list=PLblHf1C6WdiEqI0RcPhlOZ2WscZEHzUah&index=790,TranceForAllChannel,2024-10-26 18:41:00,2009-09-22 13:58:14,False
Endymion & Eva Blom - Save Me (Endymion Remix),https://www.youtube.com/watch?v=SOvBA9jmeAQ&list=PLblHf1C6WdiEqI0RcPhlOZ2WscZEHzUah&index=789,Endymion,2024-10-29 11:32:22,2018-05-25 14:00:04,False
Nightcraft & Digital Mindz - Hollow | Official Hardstyle Music Video,https://www.youtube.com/watch?v=WFFFUNwZ03c&list=PLblHf1C6WdiEqI0RcPhlOZ2WscZEHzUah&index=788,Scantraxx,2024-10-31 17:31:23,2024-10-31 14:00:06,False
Nobody Said It Was Easy,https://www.youtube.com/watch?v=OXBP1D05fJ4&list=PLblHf1C6WdiEqI0RcPhlOZ2WscZEHzUah&index=787,Bass Chaserz - Topic,2024-10-31 17:37:44,2024-03-28 10:02:26,False
LA DI DA,https://www.youtube.com/watch?v=ypRt8cPrpgY&list=PLblHf1C6WdiEqI0RcPhlOZ2WscZEHzUah&index=786,Da Tweekaz - Topic,2024-10-31 17:52:22,2024-04-26 16:04:27,False
DAMNATION,https://www.youtube.com/watch?v=kLICTxa2onI&list=PLblHf1C6WdiEqI0RcPhlOZ2WscZEHzUah&index=785,Riot Shift - Topic,2024-10-31 17:54:31,2024-05-08 10:00:40,False
Crusade (Club Edit),https://www.youtube.com/watch?v=LFQdPZ7qsm8&list=PLblHf1C6WdiEqI0RcPhlOZ2WscZEHzUah&index=784,Gabry Ponte - Topic,2024-10-31 17:55:32,2024-02-02 10:02:51,False
Sefa - Het Ergste Moet Nog Komen (Live at This Is Sefa 2024),https://www.youtube.com/watch?v=LEnvYHTKvg8&list=PLblHf1C6WdiEqI0RcPhlOZ2WscZEHzUah&index=783,Sefa,2024-10-31 18:01:56,2024-10-30 17:00:31,False
Headhunterz - Live Forever (Official Videoclip),https://www.youtube.com/watch?v=SsmMTSwnw3Q&list=PLblHf1C6WdiEqI0RcPhlOZ2WscZEHzUah&index=782,Art of Creation,2024-11-01 15:40:33,2024-11-01 12:00:07,False
KELTEK - Frozen | Official Hardstyle Music Video,https://www.youtube.com/watch?v=eeMyysIfFzU&list=PLblHf1C6WdiEqI0RcPhlOZ2WscZEHzUah&index=781,Scantraxx,2024-11-01 17:11:52,2024-11-01 14:00:07,False
MULTIVERSE,https://www.youtube.com/watch?v=MjS3jfMYa8Y&list=PLblHf1C6WdiEqI0RcPhlOZ2WscZEHzUah&index=780,Fraw - Topic,2024-11-01 19:23:14,2024-05-16 10:00:17,False
Lady Faith ft. Lexy Panterra - By My Side | Official Hardstyle Visualizer,https://www.youtube.com/watch?v=7nBpLBWelMA&list=PLblHf1C6WdiEqI0RcPhlOZ2WscZEHzUah&index=779,Scantraxx,2024-11-01 19:37:05,2024-11-01 18:00:06,False
This Is My Life (feat. Sam LeMay),https://www.youtube.com/watch?v=ozmfMq8VzFM&list=PLblHf1C6WdiEqI0RcPhlOZ2WscZEHzUah&index=778,The Pitcher - Topic,2024-11-03 19:56:01,2024-10-02 10:02:54,False
phuture noize & devin wild - never not done. [video],https://www.youtube.com/watch?v=BngPd6Lzk44&list=PLblHf1C6WdiEqI0RcPhlOZ2WscZEHzUah&index=777,mirror society. ,2024-11-05 11:52:14,2024-11-04 17:48:09,False
DVRGNT - DAMAGE | Official Hardstyle Visualizer,https://www.youtube.com/watch?v=P34zmb8fxzo&list=PLblHf1C6WdiEqI0RcPhlOZ2WscZEHzUah&index=776,Scantraxx,2024-11-06 15:24:04,2024-11-06 09:00:06,False
Blow The Speakers,https://www.youtube.com/watch?v=WJDpU6o5rYw&list=PLblHf1C6WdiEqI0RcPhlOZ2WscZEHzUah&index=775,Deadly Guns - Topic,2024-11-06 19:29:14,2024-08-15 10:00:27,False
Sefa - Sisyphus (Live at This Is Sefa 2024),https://www.youtube.com/watch?v=du95wgVdyiM&list=PLblHf1C6WdiEqI0RcPhlOZ2WscZEHzUah&index=774,Sefa,2024-11-09 19:22:37,2024-11-08 15:00:48,False
Play It Loud - S3RL & Remzcore 📢 DEFI BRILATOR,https://www.youtube.com/watch?v=Pnp-vIrNaYc&list=PLblHf1C6WdiEqI0RcPhlOZ2WscZEHzUah&index=773,S3RL,2024-11-09 19:23:12,2024-11-06 22:11:46,False
Dimitri K - Rock The Place,https://www.youtube.com/watch?v=j_qaSZ9__To&list=PLblHf1C6WdiEqI0RcPhlOZ2WscZEHzUah&index=772,Dimitri K,2024-11-10 10:40:18,2024-11-07 18:05:01,False
Noisecontrollers - Harmony (Official Videoclip),https://www.youtube.com/watch?v=aOdLz07EIYU&list=PLblHf1C6WdiEqI0RcPhlOZ2WscZEHzUah&index=771,Noisecontrollers,2024-11-10 10:47:42,2024-11-08 18:00:01,False
Fast Love,https://www.youtube.com/watch?v=IptPox6px8w&list=PLblHf1C6WdiEqI0RcPhlOZ2WscZEHzUah&index=770,Firelite - Topic,2024-11-11 18:32:46,2024-09-24 16:02:29,False
Outsiders & Charly Lownoise ft. Starsplash - Free,https://www.youtube.com/watch?v=BPmwlXrqFWo&list=PLblHf1C6WdiEqI0RcPhlOZ2WscZEHzUah&index=769,Rebl Records,2024-11-12 19:06:08,2024-03-01 11:00:16,False
Sefa & Dr. Peacock - Trip to Serbia,https://www.youtube.com/watch?v=IZN8Ex_saaI&list=PLblHf1C6WdiEqI0RcPhlOZ2WscZEHzUah&index=768,Dr. Peacock,2024-11-14 21:27:24,2024-11-14 18:00:08,False
Endymion & The Viper - Otherside (How Long),https://www.youtube.com/watch?v=gsUtMjnO4UY&list=PLblHf1C6WdiEqI0RcPhlOZ2WscZEHzUah&index=767,Endymion,2024-11-15 12:21:35,2024-11-14 23:00:39,False
Frontliner & The Prophet - New Perspective | Official Hardstyle Music Video,https://www.youtube.com/watch?v=Fn3g_kFuurA&list=PLblHf1C6WdiEqI0RcPhlOZ2WscZEHzUah&index=766,Scantraxx,2024-11-15 18:33:50,2024-11-15 15:00:07,False
IRRADIATE & MALICE - LIKE THAT🤤 (OFFICIAL VIDEOCLIP),https://www.youtube.com/watch?v=9QwhInH6-zw&list=PLblHf1C6WdiEqI0RcPhlOZ2WscZEHzUah&index=765,Irradiate,2024-11-15 19:30:57,2024-11-15 16:00:06,False
Noise Tempo,https://www.youtube.com/watch?v=qI3vRmpu4cA&list=PLblHf1C6WdiEqI0RcPhlOZ2WscZEHzUah&index=764,Lil Texas - Topic,2024-11-15 22:13:03,2024-11-14 10:02:11,False
Stay Alive,https://www.youtube.com/watch?v=zUsrUqd4lP8&list=PLblHf1C6WdiEqI0RcPhlOZ2WscZEHzUah&index=763,Ecstatic - Topic,2024-11-22 04:54:53,2023-10-27 16:00:55,False
2 Engel & Charlie x YAMAS x Lotus - Saphir (Official Lyric Video),https://www.youtube.com/watch?v=6yz5oP8yhb8&list=PLblHf1C6WdiEqI0RcPhlOZ2WscZEHzUah&index=762,2 Engel & Charlie,2024-11-24 14:10:18,2024-09-05 18:00:06,False
Riot Shift - HYPERDRIVE (Official Videoclip),https://www.youtube.com/watch?v=MQvMz2RRqBk&list=PLblHf1C6WdiEqI0RcPhlOZ2WscZEHzUah&index=761,Aggressive Records,2024-11-28 16:43:07,2024-11-28 09:00:29,False
Nightcraft - In My Head | Official Hardstyle Visualizer,https://www.youtube.com/watch?v=aVkZsafKsJU&list=PLblHf1C6WdiEqI0RcPhlOZ2WscZEHzUah&index=760,Scantraxx,2024-11-28 18:13:41,2024-11-28 14:00:06,False
SVANE - FEELIN' | Official Videoclip,https://www.youtube.com/watch?v=zp9K5xB8g_c&list=PLblHf1C6WdiEqI0RcPhlOZ2WscZEHzUah&index=759,Savage Squad Recordings 🦍,2024-11-29 08:48:17,2024-05-17 07:00:26,False
HYSTA & REKKT - WE DIE ALONE (OFFICIAL MUSIC VIDEO),https://www.youtube.com/watch?v=cZdhJlKUu4U&list=PLblHf1C6WdiEqI0RcPhlOZ2WscZEHzUah&index=758,Hysta Official,2024-11-29 10:36:17,2024-11-28 17:00:06,False
Hardwaxx - Fire (Official videoclip),https://www.youtube.com/watch?v=i993_HR2s6k&list=PLblHf1C6WdiEqI0RcPhlOZ2WscZEHzUah&index=757,Conspiracy Events & Music,2024-11-29 16:34:28,2024-11-13 17:00:06,False
Hard Driver - The End (Greed) (Official Hardstyle Clip),https://www.youtube.com/watch?v=7FhXoYDdsKU&list=PLblHf1C6WdiEqI0RcPhlOZ2WscZEHzUah&index=756,Dirty Workz,2024-11-29 17:23:33,2024-11-29 16:13:59,False
The End,https://www.youtube.com/watch?v=NhATJP7SzgE&list=PLblHf1C6WdiEqI0RcPhlOZ2WscZEHzUah&index=755,Deadly Guns - Topic,2024-12-01 11:37:53,2024-10-10 10:00:22,False
Bob Sinclar - World Hold On (Official HD Video),https://www.youtube.com/watch?v=XpdpW0z9xnQ&list=PLblHf1C6WdiEqI0RcPhlOZ2WscZEHzUah&index=754,Bob Sinclar,2024-12-03 20:37:17,2012-06-27 10:38:08,False
Rachel's Song,https://www.youtube.com/watch?v=Z_LgPwVe9sM&list=PLblHf1C6WdiEqI0RcPhlOZ2WscZEHzUah&index=753,Ecstatic - Topic,2024-12-09 05:40:06,2024-11-28 16:02:11,False
CJ Stone & Quiz - Free,https://www.youtube.com/watch?v=oG29XX_KQIE&list=PLblHf1C6WdiEqI0RcPhlOZ2WscZEHzUah&index=752,You Love Dance.TV,2024-12-13 19:18:09,2024-12-12 17:15:02,False
Frequencerz - The Unknown | Q-dance Records,https://www.youtube.com/watch?v=VXBUrTnItKY&list=PLblHf1C6WdiEqI0RcPhlOZ2WscZEHzUah&index=751,Q-dance Music,2024-12-13 20:35:27,2024-12-11 10:00:06,False
Sub Zero Project - Path Of The Warrior (Defqon.1 2023 Anthem) | Official Video,https://www.youtube.com/watch?v=mrrE0-bMhO8&list=PLblHf1C6WdiEqI0RcPhlOZ2WscZEHzUah&index=750,Q-dance,2024-12-15 17:44:11,2023-02-24 10:00:10,False
Blümchen - Party All The Time (Official Music Video),https://www.youtube.com/watch?v=jDjqNSMm8SM&list=PLblHf1C6WdiEqI0RcPhlOZ2WscZEHzUah&index=749,JasminWagnerVEVO,2024-12-17 09:18:45,2024-07-16 15:00:43,False
Blümchen - Ravergirl (Official Music Video),https://www.youtube.com/watch?v=_xuM3M4_Htg&list=PLblHf1C6WdiEqI0RcPhlOZ2WscZEHzUah&index=748,JasminWagnerVEVO,2024-12-17 10:43:08,2024-03-21 16:00:33,False
ItaloBrothers - Rain & Storm (Lyric Video),https://www.youtube.com/watch?v=gQGY2-dXP2Q&list=PLblHf1C6WdiEqI0RcPhlOZ2WscZEHzUah&index=747,italobrothersmusic,2024-12-17 13:22:00,2024-11-21 23:00:06,False
Sub Sonik - Maniac (Releazer Remix) (Official Hardstyle Audio),https://www.youtube.com/watch?v=IgDSAnnroHo&list=PLblHf1C6WdiEqI0RcPhlOZ2WscZEHzUah&index=746,Dirty Workz,2024-12-18 19:00:23,2024-12-18 18:00:11,False
Rebelion & Dual Damage & Tha Watcher - The Light (Official Hardstyle Video),https://www.youtube.com/watch?v=NhefG-huak0&list=PLblHf1C6WdiEqI0RcPhlOZ2WscZEHzUah&index=745,Dirty Workz,2024-12-19 12:17:51,2024-12-19 11:25:51,False
Refuzion ft. POPR3B3L - Hardstyle DNA 2024 (Official Hardstyle Visualizer),https://www.youtube.com/watch?v=-VeMUb6kumg&list=PLblHf1C6WdiEqI0RcPhlOZ2WscZEHzUah&index=744,Dirty Workz,2024-12-19 19:27:45,2024-12-19 18:00:01,False
Alphachoice & Phandelic - Never Ending Home,https://www.youtube.com/watch?v=1N5DpY7vRpU&list=PLblHf1C6WdiEqI0RcPhlOZ2WscZEHzUah&index=743,Hard And Clear,2024-12-19 20:07:19,2024-01-19 08:00:22,False
Deeper (This Love),https://www.youtube.com/watch?v=nmvirPjU_js&list=PLblHf1C6WdiEqI0RcPhlOZ2WscZEHzUah&index=742,Arxell - Topic,2024-12-19 20:16:44,2024-01-11 10:02:03,False
Aztronaut & Madshifta - Back Around (Official Hardstyle Audio) [Copyright Free Music],https://www.youtube.com/watch?v=yr1p-HBc6lM&list=PLblHf1C6WdiEqI0RcPhlOZ2WscZEHzUah&index=741,DWX Copyright Free Hardstyle,2024-12-19 20:20:24,2024-01-05 16:00:43,False
Kronos - YOU MADE ME DO THIS | Official Hardstyle Video,https://www.youtube.com/watch?v=GjVZWoxf0-I&list=PLblHf1C6WdiEqI0RcPhlOZ2WscZEHzUah&index=740,Scantraxx,2024-12-19 22:08:37,2024-12-13 12:00:07,False
Pulsedriver & Rocco - Life On Mars,https://www.youtube.com/watch?v=kxgCG8AJtlE&list=PLblHf1C6WdiEqI0RcPhlOZ2WscZEHzUah&index=739,AqualoopTV,2024-12-20 11:02:40,2014-09-08 13:51:45,False
Firelite & Serzo - Aura (Official Hardstyle Video),https://www.youtube.com/watch?v=hxVcb-4kioI&list=PLblHf1C6WdiEqI0RcPhlOZ2WscZEHzUah&index=738,Dirty Workz,2024-12-20 11:10:29,2023-05-17 10:00:28,False
Ran-D & KELTEK ft. Ava Silver - Never Change (Official Videoclip),https://www.youtube.com/watch?v=SoaDeiygrLc&list=PLblHf1C6WdiEqI0RcPhlOZ2WscZEHzUah&index=737,Ran-D,2024-12-20 12:39:24,2024-12-20 11:00:38,False
Rayvolt - On Top (Official Videoclip),https://www.youtube.com/watch?v=IEbCL-1N8O4&list=PLblHf1C6WdiEqI0RcPhlOZ2WscZEHzUah&index=736,Rapture Records,2024-12-20 16:47:17,2022-05-06 14:00:26,False
Devin Wild - Dissolve My Mind | Q-dance Records,https://www.youtube.com/watch?v=2XnFpprplE4&list=PLblHf1C6WdiEqI0RcPhlOZ2WscZEHzUah&index=735,Q-dance Music,2024-12-20 18:47:55,2024-01-26 09:00:09,False
"Dimitri Vegas & Like Mike, Timmy Trumpet, Darius & Finlay, Brennan Heart - Explode (Music Video)",https://www.youtube.com/watch?v=_f1JuTiKllg&list=PLblHf1C6WdiEqI0RcPhlOZ2WscZEHzUah&index=734,Smash The House,2024-12-20 18:50:12,2024-02-21 15:00:35,False
DJ Isaac - Feel So Good [Official Music Video],https://www.youtube.com/watch?v=MSPc6Vp8GbI&list=PLblHf1C6WdiEqI0RcPhlOZ2WscZEHzUah&index=733,DJ ISAAC,2024-12-20 18:51:02,2023-04-28 14:00:09,False
Dance (S3RL Remix) - RomancePlanet,https://www.youtube.com/watch?v=Y3dTlVQWXsI&list=PLblHf1C6WdiEqI0RcPhlOZ2WscZEHzUah&index=732,S3RL,2024-12-24 09:19:33,2024-12-23 23:23:44,False
ROMANCEPLANET - ALONE IN THE DARK (OFFICIAL MUSIC VIDEO),https://www.youtube.com/watch?v=kzB2WbhZBxU&list=PLblHf1C6WdiEqI0RcPhlOZ2WscZEHzUah&index=731,ROMANCEPLANET,2024-12-24 09:21:38,2024-11-15 08:00:06,False
ROMANCEPLANET - DANCE (OFFICIAL MUSIC VIDEO),https://www.youtube.com/watch?v=doSQuAzM-1k&list=PLblHf1C6WdiEqI0RcPhlOZ2WscZEHzUah&index=730,ROMANCEPLANET,2024-12-24 09:21:49,2024-03-01 19:24:21,False
Noémi - I Do 4 U (Promo Mix 2) [2003],https://www.youtube.com/watch?v=1l6Ctee_J5U&list=PLblHf1C6WdiEqI0RcPhlOZ2WscZEHzUah&index=729,RareTracksInc,2024-12-25 11:51:03,2012-09-23 09:58:32,False
Brennan Heart & Code Black - On The Beach (Official Audio),https://www.youtube.com/watch?v=28wxL4P8daU&list=PLblHf1C6WdiEqI0RcPhlOZ2WscZEHzUah&index=728,I AM HARDSTYLE,2024-12-25 11:57:11,2024-12-20 15:52:04,False
"Brennan Heart - The Past, Present & Future (I AM HARDSTYLE Eternal 2024 OST) (Official Audio)",https://www.youtube.com/watch?v=K0jNN-MwIeM&list=PLblHf1C6WdiEqI0RcPhlOZ2WscZEHzUah&index=727,I AM HARDSTYLE,2024-12-25 12:13:15,2024-12-20 15:52:04,False
Basslovers United & Dan Winter – Stars At Night,https://www.youtube.com/watch?v=KrIHooQ_1aI&list=PLblHf1C6WdiEqI0RcPhlOZ2WscZEHzUah&index=726,You Love Dance.TV,2024-12-26 17:57:48,2024-12-26 17:30:04,False
Heavy Damage - No Love [Official Music Video],https://www.youtube.com/watch?v=0bnOUGjlqVU&list=PLblHf1C6WdiEqI0RcPhlOZ2WscZEHzUah&index=725,Heavy Damage,2024-12-26 19:51:55,2024-09-24 15:00:21,False
Noisecontrollers   Faster 'n Further,https://www.youtube.com/watch?v=OeuiUH51Yq4&list=PLblHf1C6WdiEqI0RcPhlOZ2WscZEHzUah&index=724,Noisecontrollers,2024-12-29 19:23:05,2010-07-26 12:39:41,False
Sound Rush - Stronghold (Official Visualizer),https://www.youtube.com/watch?v=GsCJpUQTWPM&list=PLblHf1C6WdiEqI0RcPhlOZ2WscZEHzUah&index=723,Sound Rush,2024-12-30 10:13:49,2024-08-08 14:00:07,False
Da Tweekaz & Refuzion - Piece Of Me (Official Hardstyle Video),https://www.youtube.com/watch?v=STPLkKQnJfw&list=PLblHf1C6WdiEqI0RcPhlOZ2WscZEHzUah&index=722,Dirty Workz,2024-12-31 18:52:06,2023-04-27 10:00:11,False
Dr Rude & Kane Scott - Don't Let Me Down (Official Hardstyle Video),https://www.youtube.com/watch?v=_wJnOq0EGA4&list=PLblHf1C6WdiEqI0RcPhlOZ2WscZEHzUah&index=721,Dirty Workz,2024-12-31 18:52:39,2023-04-26 17:00:17,False
Serzo - Feelin' (Official Audio),https://www.youtube.com/watch?v=VGwC4OtJt7w&list=PLblHf1C6WdiEqI0RcPhlOZ2WscZEHzUah&index=720,Dirty Workz,2025-01-01 17:10:22,2021-10-19 17:00:31,False
Forever Lost - Free (Official Audio),https://www.youtube.com/watch?v=bcDHQW-OGs4&list=PLblHf1C6WdiEqI0RcPhlOZ2WscZEHzUah&index=719,Dirty Workz,2025-01-02 14:05:50,2020-09-29 17:00:19,False
Evil Twiin x KYANU – Your Healing,https://www.youtube.com/watch?v=8vkh3JfKqpU&list=PLblHf1C6WdiEqI0RcPhlOZ2WscZEHzUah&index=718,Kontor FM,2025-01-03 11:54:05,2025-01-02 23:00:13,False
E-Force & Kronos - Higher Force (Official Audio),https://www.youtube.com/watch?v=xY6pKE68aFQ&list=PLblHf1C6WdiEqI0RcPhlOZ2WscZEHzUah&index=717,Scantraxx,2025-01-03 12:54:12,2019-03-08 10:00:07,False
Cascada - Ain't No Mountain High Enough (Ryan T. Video Edit),https://www.youtube.com/watch?v=A6tXM3YMIso&list=PLblHf1C6WdiEqI0RcPhlOZ2WscZEHzUah&index=716,Hands Up Generation,2025-01-04 11:27:08,2024-12-27 14:34:16,False
ROMANCEPLANET - WORLD AWAY (OFFICIAL MUSIC VIDEO),https://www.youtube.com/watch?v=qgvN1rrhdjo&list=PLblHf1C6WdiEqI0RcPhlOZ2WscZEHzUah&index=715,ROMANCEPLANET,2025-01-04 16:41:45,2023-09-13 16:00:08,False
TOZA & Stratisphere - WARZONE (Official Hardstyle Video),https://www.youtube.com/watch?v=uPySC2jFwhk&list=PLblHf1C6WdiEqI0RcPhlOZ2WscZEHzUah&index=714,Dirty Workz,2025-01-04 18:46:34,2023-12-14 18:00:09,False
Bass Modulators & Aftershock & XCEPTION - Meet Me In The Sky | Official Hardstyle Video,https://www.youtube.com/watch?v=8IdK7n3fI4Y&list=PLblHf1C6WdiEqI0RcPhlOZ2WscZEHzUah&index=713,Scantraxx,2025-01-05 08:43:57,2024-12-12 16:00:07,False
Dancing In The Sky,https://www.youtube.com/watch?v=VpRHRx4qlkA&list=PLblHf1C6WdiEqI0RcPhlOZ2WscZEHzUah&index=712,Release - Topic,2025-01-05 14:34:11,2022-06-15 10:07:48,False
Sephyx & Bonnie X Clyde - Where It Hurts (Official Videoclip),https://www.youtube.com/watch?v=Os6gU5bVkII&list=PLblHf1C6WdiEqI0RcPhlOZ2WscZEHzUah&index=711,Dirty Workz,2025-01-05 18:24:40,2017-01-11 18:00:01,False
Pyrotechnik,https://www.youtube.com/watch?v=0-U_R9kJQWE&list=PLblHf1C6WdiEqI0RcPhlOZ2WscZEHzUah&index=710,Noiseflow - Topic,2025-01-05 20:11:59,2024-06-10 04:59:16,False
Abaddon - Mockingbird (Uptempo Edit) (Videoclip),https://www.youtube.com/watch?v=RakfCyPE3o0&list=PLblHf1C6WdiEqI0RcPhlOZ2WscZEHzUah&index=709,Frenchcore Hardcore,2025-01-06 17:00:55,2025-01-05 16:00:06,False
Noiseflow - This is Uptempo,https://www.youtube.com/watch?v=ruyhotFbveQ&list=PLblHf1C6WdiEqI0RcPhlOZ2WscZEHzUah&index=708,NoiseFlow,2025-01-06 20:16:21,2024-03-24 16:09:12,False
Sound Rush ft. ATILAX - Step Into The Light (APEX 2025 OST),https://www.youtube.com/watch?v=6cUCVSe1qIY&list=PLblHf1C6WdiEqI0RcPhlOZ2WscZEHzUah&index=707,Sound Rush,2025-01-10 18:23:41,2025-01-10 11:00:13,False
D-Sturb ft. XCEPTION - The Edge (of the End) | Q-dance Records,https://www.youtube.com/watch?v=Jb4Hkjejnsc&list=PLblHf1C6WdiEqI0RcPhlOZ2WscZEHzUah&index=706,Q-dance Music,2025-01-10 19:10:12,2025-01-10 09:00:06,False
ZIGGY X – X-terminate (T-2025),https://www.youtube.com/watch?v=URIytCS1b1E&list=PLblHf1C6WdiEqI0RcPhlOZ2WscZEHzUah&index=705,You Love Dance.TV,2025-01-10 20:52:17,2025-01-10 17:00:34,False
BASSLINE MANIACS,https://www.youtube.com/watch?v=R8d8DPr2DlI&list=PLblHf1C6WdiEqI0RcPhlOZ2WscZEHzUah&index=704,The Dark Horror - Topic,2025-01-11 16:47:41,2024-12-31 10:02:13,False
Hard Destiny - Your Destination (Official Videoclip),https://www.youtube.com/watch?v=EIRZVPF6lsU&list=PLblHf1C6WdiEqI0RcPhlOZ2WscZEHzUah&index=703,Hard Destiny,2025-01-11 17:24:06,2024-12-20 11:00:28,False
DJ Thera - About To Go Down (Official Videoclip),https://www.youtube.com/watch?v=i5RBeK8enJA&list=PLblHf1C6WdiEqI0RcPhlOZ2WscZEHzUah&index=702,Dj Thera,2025-01-13 14:17:36,2020-09-18 09:00:14,False
Brennan Heart - Never Go To Sleep (Visualizer),https://www.youtube.com/watch?v=IEPKo6pwWHM&list=PLblHf1C6WdiEqI0RcPhlOZ2WscZEHzUah&index=701,Smash The House,2025-01-14 08:13:07,2024-04-12 14:00:14,False
Raw Harmony - I Need The Music [HQ Free],https://www.youtube.com/watch?v=kJRxBgA5Kak&list=PLblHf1C6WdiEqI0RcPhlOZ2WscZEHzUah&index=700,EuphoricHardStyleZ,2025-01-14 19:20:28,2014-07-29 13:49:24,False
Physika - Time To Dance,https://www.youtube.com/watch?v=flakaEGv3iU&list=PLblHf1C6WdiEqI0RcPhlOZ2WscZEHzUah&index=699,My Way Music,2025-01-16 10:37:47,2025-01-15 23:00:39,False
Bioweapon - 2 The Dancefloor (Official Hardstyle Visualizer),https://www.youtube.com/watch?v=-g6qbSy6nxk&list=PLblHf1C6WdiEqI0RcPhlOZ2WscZEHzUah&index=698,Dirty Workz,2025-01-16 12:40:55,2025-01-16 09:08:42,False
HARRIS & FORD - HOW DO YOU DO (NOISEFLOW REMIX),https://www.youtube.com/watch?v=ZbbTgbBRph0&list=PLblHf1C6WdiEqI0RcPhlOZ2WscZEHzUah&index=697,Harris & Ford,2025-01-17 16:56:28,2025-01-17 16:31:01,False
Sylence - Liminal (Official Hardstyle Visualizer),https://www.youtube.com/watch?v=do5cphqiMrE&list=PLblHf1C6WdiEqI0RcPhlOZ2WscZEHzUah&index=696,Dirty Workz,2025-01-17 19:56:16,2025-01-17 16:00:44,False
Blasterjaxx x Kickbait x CERES – Changes (Official Audio),https://www.youtube.com/watch?v=GoCG4OOiiW8&list=PLblHf1C6WdiEqI0RcPhlOZ2WscZEHzUah&index=695,Spinnin' Records,2025-01-17 19:56:47,2025-01-17 16:00:15,False
phuture noize & devin wild - hearts of steel. [video],https://www.youtube.com/watch?v=5gMlv1aDDfg&list=PLblHf1C6WdiEqI0RcPhlOZ2WscZEHzUah&index=694,mirror society. ,2025-01-17 20:37:29,2025-01-17 19:27:59,False
Aftershock & Last Word - Champion | Official 4K Videoclip 🏆,https://www.youtube.com/watch?v=pihC9nzMYeI&list=PLblHf1C6WdiEqI0RcPhlOZ2WscZEHzUah&index=693,Aftershock,2025-01-17 20:50:11,2025-01-17 19:30:26,False
Aversion - Dare to Dream (Official Soundtrack) [Videoclip],https://www.youtube.com/watch?v=IRGMzxmyTFA&list=PLblHf1C6WdiEqI0RcPhlOZ2WscZEHzUah&index=692,Aversion,2025-01-18 10:36:51,2025-01-17 15:00:21,False
KELTEK & D'ort – Final Call | Official Hardstyle Visualizer,https://www.youtube.com/watch?v=HRHN1Yzzr4o&list=PLblHf1C6WdiEqI0RcPhlOZ2WscZEHzUah&index=691,Scantraxx,2025-01-20 08:58:56,2024-11-25 14:00:05,False
In My Bones - S3RL,https://www.youtube.com/watch?v=g1mvrXpxOis&list=PLblHf1C6WdiEqI0RcPhlOZ2WscZEHzUah&index=690,S3RL,2025-01-20 10:14:59,2025-01-19 21:35:35,False
Devin Wild - Collusion | Official Hardstyle Visualizer,https://www.youtube.com/watch?v=o-6ebJbYJeE&list=PLblHf1C6WdiEqI0RcPhlOZ2WscZEHzUah&index=689,Scantraxx,2025-01-20 12:24:03,2024-11-15 09:00:06,False
DNZF1854 // GARBIE PROJECT - THE LA LA TUNE (Official Video DNZ Records),https://www.youtube.com/watch?v=T283uNRLzUU&list=PLblHf1C6WdiEqI0RcPhlOZ2WscZEHzUah&index=688,dnzrecords,2025-01-20 12:25:06,2025-01-20 12:11:52,False
MartinBepunkt & MAKZ 38 - Traum! Leben! (Mein kleines Herz),https://www.youtube.com/watch?v=d0w_MpFQ8TM&list=PLblHf1C6WdiEqI0RcPhlOZ2WscZEHzUah&index=687,Kontor.TV,2025-01-20 16:15:31,2025-01-20 15:00:56,False
Neptunica & Mike Candys feat. imallryt - We Don't Sleep,https://www.youtube.com/watch?v=MbP9Iebm-sM&list=PLblHf1C6WdiEqI0RcPhlOZ2WscZEHzUah&index=686,Kontor.TV,2025-01-20 16:18:40,2025-01-09 23:00:17,False
"Felix Harrer, STEEL & LEZA  - Strobo oder Mondlicht",https://www.youtube.com/watch?v=o3Rl9GmG1YQ&list=PLblHf1C6WdiEqI0RcPhlOZ2WscZEHzUah&index=685,Kontor.TV,2025-01-20 16:33:05,2024-08-22 22:00:47,False
Dvastate - Waiting For The Night l Official Music Video,https://www.youtube.com/watch?v=UBdpaF8XAhM&list=PLblHf1C6WdiEqI0RcPhlOZ2WscZEHzUah&index=684,Scantraxx,2025-01-21 19:55:37,2023-09-05 14:00:09,False
Infected & Xriminals - Legends Never Die,https://www.youtube.com/watch?v=2c3pg-wMXKs&list=PLblHf1C6WdiEqI0RcPhlOZ2WscZEHzUah&index=683,Uptempo Hardcore,2025-01-21 19:57:55,2025-01-15 17:00:06,False
Bass X Machina & REVIVE ft. Ava Silver - Transcend | Official Hardstyle Music Video,https://www.youtube.com/watch?v=iAkN2J4_SSU&list=PLblHf1C6WdiEqI0RcPhlOZ2WscZEHzUah&index=682,Scantraxx,2025-01-21 20:04:09,2023-08-25 14:00:08,False
The Prophet ft. Lilly Julian - Echoes (Official Preview),https://www.youtube.com/watch?v=Ds8L4IBu7Gw&list=PLblHf1C6WdiEqI0RcPhlOZ2WscZEHzUah&index=681,Scantraxx,2025-01-22 14:43:27,2014-03-26 19:30:00,False
Aftershock & LePrince - Welcome To The Jungle | Official Hardstyle Visualizer,https://www.youtube.com/watch?v=bE3COMpBp0A&list=PLblHf1C6WdiEqI0RcPhlOZ2WscZEHzUah&index=680,Scantraxx,2025-01-23 16:27:50,2025-01-23 16:00:06,False
Wildstylez - Sunrise (Official Videoclip),https://www.youtube.com/watch?v=AnzX5SFDDK0&list=PLblHf1C6WdiEqI0RcPhlOZ2WscZEHzUah&index=679,Art of Creation,2025-01-24 16:12:16,2025-01-24 11:00:06,False
Zu wenig Alkohol (Distinct & Signs2K Remix Radio Edit),https://www.youtube.com/watch?v=Tqkxe0CYZPk&list=PLblHf1C6WdiEqI0RcPhlOZ2WscZEHzUah&index=678,Talstrasse 3-5 - Topic,2025-01-26 14:30:43,2020-02-13 10:13:23,False
Never Surrender - Poedersneeuw 6.0 (Official Videoclip),https://www.youtube.com/watch?v=aYX_Yxl1OSc&list=PLblHf1C6WdiEqI0RcPhlOZ2WscZEHzUah&index=677,NEVER SURRENDER,2025-01-28 11:18:41,2023-12-08 11:00:09,False
D-Attack - Born For This (Hard Edit) | Official Hardstyle Music Video,https://www.youtube.com/watch?v=E-arq1ix1P8&list=PLblHf1C6WdiEqI0RcPhlOZ2WscZEHzUah&index=676,Scantraxx,2025-01-29 07:59:33,2023-02-24 15:00:07,False
TIYA - Heartbeat (Official Hardstyle Audio) [Copyright Free Music],https://www.youtube.com/watch?v=UKJaiirdPGI&list=PLblHf1C6WdiEqI0RcPhlOZ2WscZEHzUah&index=675,DWX Copyright Free Hardstyle,2025-01-29 19:47:43,2025-01-29 11:00:46,False
One More Night (Extended Mix) (Remastered),https://www.youtube.com/watch?v=PRK9-CCfYXI&list=PLblHf1C6WdiEqI0RcPhlOZ2WscZEHzUah&index=674,Silent Circle - Topic,2025-01-31 12:32:02,2020-05-21 10:15:30,False
Dimitri K & The Straikerz - Not A Game (Official Videoclip),https://www.youtube.com/watch?v=xjB3iKgsYkE&list=PLblHf1C6WdiEqI0RcPhlOZ2WscZEHzUah&index=673,Dimitri K,2025-01-31 14:44:02,2025-01-31 12:51:31,False
Deadly Guns & Lekkerfaces - Live Again (Official Videoclip),https://www.youtube.com/watch?v=iLAu4uu44Rk&list=PLblHf1C6WdiEqI0RcPhlOZ2WscZEHzUah&index=672,Deadly Guns,2025-02-05 13:52:17,2024-04-18 15:00:07,False
Deadly Guns x Major Conspiracy - Feels Like Heaven (Official Videoclip),https://www.youtube.com/watch?v=HXaaNnhWy4s&list=PLblHf1C6WdiEqI0RcPhlOZ2WscZEHzUah&index=671,Deadly Guns,2025-02-05 13:54:41,2024-01-11 16:00:10,False
Heroine (Cryogenic feat. Unlocked The Uptempo Edit),https://www.youtube.com/watch?v=I4OEBXIRf7w&list=PLblHf1C6WdiEqI0RcPhlOZ2WscZEHzUah&index=670,Dutch Disorder - Topic,2025-02-05 14:06:31,2022-11-17 10:04:40,False
DAS AUGE FICKT MIT - Mr. Bassmeister & D-Ceptor,https://www.youtube.com/watch?v=bICsocCphLk&list=PLblHf1C6WdiEqI0RcPhlOZ2WscZEHzUah&index=669,Mr. Bassmeister,2025-02-07 08:49:06,2025-02-07 08:38:07,False
Devin Wild & Phuture Noize - Shivers | Official Hardstyle Video,https://www.youtube.com/watch?v=YKbobFH0QK0&list=PLblHf1C6WdiEqI0RcPhlOZ2WscZEHzUah&index=668,Scantraxx,2025-02-07 09:49:26,2025-02-07 09:30:07,False
Outsiders & LNY TNZ - Weisse Nase | Defqon.1 Records,https://www.youtube.com/watch?v=td4eoqEqmiU&list=PLblHf1C6WdiEqI0RcPhlOZ2WscZEHzUah&index=667,Q-dance Music,2025-02-07 12:07:45,2025-02-07 09:00:06,False
Dr. Peacock & D'ort - Frenchcore Lullaby,https://www.youtube.com/watch?v=WvU85sd5LI8&list=PLblHf1C6WdiEqI0RcPhlOZ2WscZEHzUah&index=666,Dr. Peacock,2025-02-07 14:18:52,2025-02-06 17:00:06,False
Adjuzt - LoSiNg mY MiNd (Official Video),https://www.youtube.com/watch?v=GVCjBpW9JTU&list=PLblHf1C6WdiEqI0RcPhlOZ2WscZEHzUah&index=665,Gearbox Digital,2025-02-07 14:23:13,2025-02-06 17:00:06,False
HARRIS & FORD x 2 ENGEL & CHARLIE - EXPLODIERT (OFFICIAL AUDIO),https://www.youtube.com/watch?v=-pjPLnFJUGc&list=PLblHf1C6WdiEqI0RcPhlOZ2WscZEHzUah&index=664,Harris & Ford,2025-02-07 19:39:08,2025-02-07 11:52:20,False
Now Is The Time,https://www.youtube.com/watch?v=wV4xWupRrfg&list=PLblHf1C6WdiEqI0RcPhlOZ2WscZEHzUah&index=663,Release - Topic,2025-02-08 17:02:55,2024-01-31 10:04:55,False
Game Of Hate,https://www.youtube.com/watch?v=2VAg8rVgDvY&list=PLblHf1C6WdiEqI0RcPhlOZ2WscZEHzUah&index=662,N-Vitral - Topic,2025-02-09 20:10:23,2024-02-07 10:04:52,False
Noiseflow - Astronaut,https://www.youtube.com/watch?v=CanXt18sw_w&list=PLblHf1C6WdiEqI0RcPhlOZ2WscZEHzUah&index=661,NoiseFlow,2025-02-10 11:49:51,2023-12-14 23:59:31,False
Oimara - Wackelkontakt (Knitter&Fetze 90er Kranevalskrach),https://www.youtube.com/watch?v=A0xY5YVHtkc&list=PLblHf1C6WdiEqI0RcPhlOZ2WscZEHzUah&index=660,Knitter&Fetze,2025-02-10 12:38:03,2025-02-04 17:49:28,False
The Sound Flow,https://www.youtube.com/watch?v=d1hUOtisVEE&list=PLblHf1C6WdiEqI0RcPhlOZ2WscZEHzUah&index=659,Korsakoff - Topic,2025-02-10 13:18:20,2021-12-02 10:01:10,False
Paris,https://www.youtube.com/watch?v=Tb36RMw39e4&list=PLblHf1C6WdiEqI0RcPhlOZ2WscZEHzUah&index=658,RAYZEN - Topic,2025-02-10 16:18:22,2023-12-18 08:53:21,False
Damae - Survivors (Mindblast & Ryan T. Remix) [HQ Edit],https://www.youtube.com/watch?v=aQG8SeTfC8Y&list=PLblHf1C6WdiEqI0RcPhlOZ2WscZEHzUah&index=657,EuphoricHardStyleZ,2025-02-13 11:35:36,2020-06-18 19:31:37,False
The Hitmen - All My Life,https://www.youtube.com/watch?v=algSUVHP3WU&list=PLblHf1C6WdiEqI0RcPhlOZ2WscZEHzUah&index=656,Kontor.TV,2025-02-14 18:40:23,2025-02-14 06:00:05,False
Charly Lownoise & Re-Style - The First Rebirth (Official Videoclip),https://www.youtube.com/watch?v=QZXAwU-v3vg&list=PLblHf1C6WdiEqI0RcPhlOZ2WscZEHzUah&index=655,Re-Style,2025-02-15 09:16:36,2025-02-14 16:01:55,False
Bioweapon - Dancing Through The Darkness (Official Hardstyle Visualizer),https://www.youtube.com/watch?v=RxssyUQm2gQ&list=PLblHf1C6WdiEqI0RcPhlOZ2WscZEHzUah&index=654,Dirty Workz,2025-02-15 14:07:31,2025-02-14 09:18:06,False
Rebourne & Wasted Penguinz - Univerze (Official HQ Preview),https://www.youtube.com/watch?v=9quxhF-nfvE&list=PLblHf1C6WdiEqI0RcPhlOZ2WscZEHzUah&index=653,Dirty Workz,2025-02-18 05:14:25,2015-10-08 17:00:00,False
Unresolved x Polish Punisher - Funky Beats (Official Video),https://www.youtube.com/watch?v=luPhrVBbFFY&list=PLblHf1C6WdiEqI0RcPhlOZ2WscZEHzUah&index=652,Unresolved,2025-02-20 05:43:46,2025-02-19 17:25:06,False
IRRADIATE & PINOTELLO - KEEP ON FALLIN' 🙂 (OFFICIAL VIDEOCLIP),https://www.youtube.com/watch?v=0mG748P7DiA&list=PLblHf1C6WdiEqI0RcPhlOZ2WscZEHzUah&index=651,Irradiate,2025-02-20 18:07:41,2025-02-20 17:00:06,False
KOMMISSAR (Mr. Bassmeister Remix) - Pazoo & NoooN,https://www.youtube.com/watch?v=CB5ZfDoOgVs&list=PLblHf1C6WdiEqI0RcPhlOZ2WscZEHzUah&index=650,Mr. Bassmeister,2025-02-21 17:02:13,2025-02-21 10:15:46,False
Sound Rush - Safe & Sound (Official Video),https://www.youtube.com/watch?v=iCfQ_XK5udQ&list=PLblHf1C6WdiEqI0RcPhlOZ2WscZEHzUah&index=649,Sound Rush,2025-02-22 12:05:06,2025-02-21 09:01:03,False
Lost in Asia (Extended Mix),https://www.youtube.com/watch?v=e6gLs8u5oeY&list=PLblHf1C6WdiEqI0RcPhlOZ2WscZEHzUah&index=648,Alari - Topic,2025-02-23 13:46:13,2021-11-25 10:06:40,False
AniMe - Ascension,https://www.youtube.com/watch?v=x-097pqsjDw&list=PLblHf1C6WdiEqI0RcPhlOZ2WscZEHzUah&index=647,Masters of Hardcore,2025-02-25 16:06:57,2025-02-25 11:07:05,False
Phuture Noize ft. Snowflake - Breathin' (Official HQ Preview),https://www.youtube.com/watch?v=NxYP34upbhY&list=PLblHf1C6WdiEqI0RcPhlOZ2WscZEHzUah&index=646,Dirty Workz,2025-02-26 17:22:34,2017-04-14 17:00:03,False
HYSTA & N-XD 💜 NEXT TO YOU (OFFICIAL MUSIC VIDEO),https://www.youtube.com/watch?v=CJW7dYPZA1A&list=PLblHf1C6WdiEqI0RcPhlOZ2WscZEHzUah&index=645,Hysta Official,2025-02-26 18:53:09,2025-02-26 17:00:27,False
Nick Novity - We Are The Light | I Official Audio,https://www.youtube.com/watch?v=-FWEKuWABMw&list=PLblHf1C6WdiEqI0RcPhlOZ2WscZEHzUah&index=644,Derailed Traxx,2025-02-27 16:17:33,2025-02-27 08:48:34,False
GPF x gladde paling - greazy boi & slippy eel (Official Video),https://www.youtube.com/watch?v=cWqLAXv5w1U&list=PLblHf1C6WdiEqI0RcPhlOZ2WscZEHzUah&index=643,GPF,2025-02-27 16:23:53,2025-02-27 16:00:41,False
Da Tweekaz ft. Diandra Faye - New Beginning (Official Hardstyle Video),https://www.youtube.com/watch?v=2tS0uG0EFwE&list=PLblHf1C6WdiEqI0RcPhlOZ2WscZEHzUah&index=642,Dirty Workz,2025-02-28 16:20:02,2025-02-28 11:00:06,False
Solstice - Fenix (Official Hardstyle Visualizer),https://www.youtube.com/watch?v=IdmqKnUt2Eo&list=PLblHf1C6WdiEqI0RcPhlOZ2WscZEHzUah&index=641,Dirty Workz,2025-02-28 16:46:38,2025-02-28 16:00:17,False
Bas van den Eijken vs. Myde – The Katla Breathe Fire,https://www.youtube.com/watch?v=viSjRAjyG-Y&list=PLblHf1C6WdiEqI0RcPhlOZ2WscZEHzUah&index=640,You Love Dance.TV,2025-02-28 17:17:22,2025-02-28 17:15:05,False
Point Break - NOT IN LOVE | Official Visualizer,https://www.youtube.com/watch?v=pA8JSfsdMEc&list=PLblHf1C6WdiEqI0RcPhlOZ2WscZEHzUah&index=639,Savage Squad Recordings 🦍,2025-02-28 17:52:19,2025-02-28 15:01:16,False
D-Fence & Elite Enemy - Memories,https://www.youtube.com/watch?v=tqhiYAMiZ2c&list=PLblHf1C6WdiEqI0RcPhlOZ2WscZEHzUah&index=638,D-Fence,2025-02-28 18:09:26,2025-02-12 17:46:14,False
Malice - NOT A PLAYER (Official Videoclip),https://www.youtube.com/watch?v=-4VLX49hJyk&list=PLblHf1C6WdiEqI0RcPhlOZ2WscZEHzUah&index=637,Aggressive Records,2025-03-06 09:42:20,2025-03-06 09:00:00,False
Let the Music Take Control - S3RL ft SONJA,https://www.youtube.com/watch?v=2SahxTafSWc&list=PLblHf1C6WdiEqI0RcPhlOZ2WscZEHzUah&index=636,S3RL,2025-03-06 16:12:04,2025-03-05 23:48:05,False
"Rocco, Perfect Pitch & L'EXAIS – Fade To Grey",https://www.youtube.com/watch?v=HVQLKGZXdGw&list=PLblHf1C6WdiEqI0RcPhlOZ2WscZEHzUah&index=635,You Love Dance.TV,2025-03-06 17:16:39,2025-03-06 17:00:14,False
A-RIZE - Deep End (Run) | Official Hardstyle Visualizer,https://www.youtube.com/watch?v=pZQuR_ePhVs&list=PLblHf1C6WdiEqI0RcPhlOZ2WscZEHzUah&index=634,Scantraxx,2025-03-07 16:33:29,2025-03-07 15:01:10,False
Sub Zero Project & D-Block & S-te-Fan - Change To Follow (Official video),https://www.youtube.com/watch?v=6r1UOV03R4E&list=PLblHf1C6WdiEqI0RcPhlOZ2WscZEHzUah&index=633,D-Block & S-te-Fan (DBSTF),2025-03-07 16:44:06,2025-03-07 09:59:06,False
Brennan Heart - Interstellar (Official Hardstyle Video),https://www.youtube.com/watch?v=DFKq6tDk4dw&list=PLblHf1C6WdiEqI0RcPhlOZ2WscZEHzUah&index=632,I AM HARDSTYLE,2025-03-07 17:37:55,2025-03-07 14:00:20,False
Voodoo,https://www.youtube.com/watch?v=FUvsdVqF8fs&list=PLblHf1C6WdiEqI0RcPhlOZ2WscZEHzUah&index=631,Lil Texas - Topic,2025-03-07 18:49:14,2025-03-06 10:04:04,False
GIVE IT ALL,https://www.youtube.com/watch?v=Tif9hnvtp54&list=PLblHf1C6WdiEqI0RcPhlOZ2WscZEHzUah&index=629,ixper - Topic,2025-03-08 21:33:31,2024-04-17 10:04:19,False
Spitfire & Tigaiko - Think About It,https://www.youtube.com/watch?v=r8HKQhAwA3s&list=PLblHf1C6WdiEqI0RcPhlOZ2WscZEHzUah&index=628,Minus is More,2025-03-08 21:34:22,2021-10-22 12:03:03,False
Twilight Forces - Hardstyle Surfer (HQ),https://www.youtube.com/watch?v=OwdiX0cWsLQ&list=PLblHf1C6WdiEqI0RcPhlOZ2WscZEHzUah&index=627,TwilightForcesMedia,2025-03-08 21:35:10,2010-08-11 14:31:35,False
Passion,https://www.youtube.com/watch?v=HI7RgHQwNVI&list=PLblHf1C6WdiEqI0RcPhlOZ2WscZEHzUah&index=626,Revolxist - Topic,2025-03-08 21:36:16,2025-03-01 09:53:18,False
BL3SS x CamrinWatsin - Kisses (Invictus & Hard Sinister remix),https://www.youtube.com/watch?v=xK5h4tWkbHU&list=PLblHf1C6WdiEqI0RcPhlOZ2WscZEHzUah&index=625,InvictusDj,2025-03-08 21:37:35,2024-11-20 16:33:30,False
Now We Are Free (Deluxe Mix),https://www.youtube.com/watch?v=MenqMhmzz6Q&list=PLblHf1C6WdiEqI0RcPhlOZ2WscZEHzUah&index=624,Brennan Heart - Topic,2025-03-09 12:54:05,2025-03-06 23:01:50,False
ANDY SVGE - Harmonize (Official Audio),https://www.youtube.com/watch?v=1WL1efJdpGM&list=PLblHf1C6WdiEqI0RcPhlOZ2WscZEHzUah&index=623,I AM HARDSTYLE,2025-03-09 16:08:47,2025-03-06 08:45:43,False
Toneshifterz & TwinTigerz - Body Move (Official Audio),https://www.youtube.com/watch?v=looXD67_sWI&list=PLblHf1C6WdiEqI0RcPhlOZ2WscZEHzUah&index=622,I AM HARDSTYLE,2025-03-09 16:12:58,2025-02-13 08:45:06,False
Digital Madness - Time Of Our Lives (Official Audio),https://www.youtube.com/watch?v=bp_Ew2YfIpk&list=PLblHf1C6WdiEqI0RcPhlOZ2WscZEHzUah&index=621,I AM HARDSTYLE,2025-03-09 16:13:47,2025-02-06 08:43:42,False
The Pitcher ft. Sam LeMay - This Is My Life (Official Video),https://www.youtube.com/watch?v=43xcx74KPoU&list=PLblHf1C6WdiEqI0RcPhlOZ2WscZEHzUah&index=620,I AM HARDSTYLE,2025-03-09 16:15:49,2024-10-03 13:00:28,False
Zany & Ephoric - Direction (Official Audio),https://www.youtube.com/watch?v=TGcqFFrTJfA&list=PLblHf1C6WdiEqI0RcPhlOZ2WscZEHzUah&index=619,I AM HARDSTYLE,2025-03-09 16:17:04,2024-09-05 10:00:26,False
The Pitcher & Salt Ashes - Time (Official Audio),https://www.youtube.com/watch?v=p0BTYg6o4JU&list=PLblHf1C6WdiEqI0RcPhlOZ2WscZEHzUah&index=618,I AM HARDSTYLE,2025-03-09 16:21:59,2024-08-01 12:01:02,False
The Pitcher ft. Sam LeMay - Beautiful Days,https://www.youtube.com/watch?v=OD_0ykuVIwg&list=PLblHf1C6WdiEqI0RcPhlOZ2WscZEHzUah&index=617,I AM HARDSTYLE,2025-03-09 16:25:30,2024-07-13 14:00:31,False
Future Remix 98,https://www.youtube.com/watch?v=-ysLjLjdhCI&list=PLblHf1C6WdiEqI0RcPhlOZ2WscZEHzUah&index=616,Jog - Topic,2025-03-11 05:28:50,2014-10-03 23:38:15,False
Dither - My Mind (Official Videoclip),https://www.youtube.com/watch?v=00Pqc9r5gpM&list=PLblHf1C6WdiEqI0RcPhlOZ2WscZEHzUah&index=615,Masters of Hardcore,2025-03-12 16:30:45,2025-03-12 09:48:52,False
LePrince & Marnage & Perfect Giddimani - Third Eye | Q-dance presents NEXT,https://www.youtube.com/watch?v=ai02ZjlaO8Q&list=PLblHf1C6WdiEqI0RcPhlOZ2WscZEHzUah&index=614,Q-dance Music,2025-03-13 06:38:06,2025-03-12 14:00:06,False
Philippe Rochard - The World (Frequencerz Remix) (OUT NOW),https://www.youtube.com/watch?v=dMg3vc4MG4M&list=PLblHf1C6WdiEqI0RcPhlOZ2WscZEHzUah&index=613,Roughstate,2025-03-13 16:01:46,2025-03-13 08:00:37,False
Isi Glück X Le Shuuk - Chaos im Kopf (Official Video),https://www.youtube.com/watch?v=6v6gBuLIs8E&list=PLblHf1C6WdiEqI0RcPhlOZ2WscZEHzUah&index=612,Summerfield Records,2025-03-14 04:53:40,2025-03-07 11:00:07,False
2 Engel & Charlie - Was im Club passiert,https://www.youtube.com/watch?v=Ll3Adulgto8&list=PLblHf1C6WdiEqI0RcPhlOZ2WscZEHzUah&index=611,2 Engel & Charlie,2025-03-14 04:58:20,2025-03-06 23:00:18,False
LNY TNZ x Paul Elstak x Boogshe - Louder Is The Game [Lyric Video],https://www.youtube.com/watch?v=t37goGyh1sk&list=PLblHf1C6WdiEqI0RcPhlOZ2WscZEHzUah&index=610,LNY TNZ,2025-03-15 17:09:54,2025-03-06 17:00:06,False
TOZA - LONELY (Official Hardstyle Video),https://www.youtube.com/watch?v=ehDeecKcBfs&list=PLblHf1C6WdiEqI0RcPhlOZ2WscZEHzUah&index=609,Dirty Workz,2025-03-16 15:07:31,2024-07-18 10:00:08,False
HYPNOTISED,https://www.youtube.com/watch?v=rg_MH4vc9yk&list=PLblHf1C6WdiEqI0RcPhlOZ2WscZEHzUah&index=608,Mish - Topic,2025-03-17 06:18:44,2024-09-11 10:01:01,False
Supersaw (The Dark Horror Remix),https://www.youtube.com/watch?v=GRhIkNpg168&list=PLblHf1C6WdiEqI0RcPhlOZ2WscZEHzUah&index=607,Furax - Topic,2025-03-17 15:56:57,2024-10-30 10:03:14,False
Mark With a K - Oasis (The Dark Horror RMX),https://www.youtube.com/watch?v=TAxz56W6WH8&list=PLblHf1C6WdiEqI0RcPhlOZ2WscZEHzUah&index=606,Mark With a K,2025-03-18 15:57:02,2023-01-26 18:42:06,False
Dream Some More,https://www.youtube.com/watch?v=hqgKVKZGyCw&list=PLblHf1C6WdiEqI0RcPhlOZ2WscZEHzUah&index=605,Juliëx - Topic,2025-03-20 05:45:37,2024-03-06 10:03:13,False
"Perfect Pitch, Rocco & L’EXAIS – World Gone Dark",https://www.youtube.com/watch?v=6uKwtZkqtVo&list=PLblHf1C6WdiEqI0RcPhlOZ2WscZEHzUah&index=604,You Love Dance.TV,2025-03-20 17:54:33,2025-03-20 17:00:12,False
Noctua- Need Love,https://www.youtube.com/watch?v=mOA8rLbD5-4&list=PLblHf1C6WdiEqI0RcPhlOZ2WscZEHzUah&index=603,Cinematik Recordings,2025-03-20 18:57:30,2020-12-28 09:30:12,False
Sound Rush & Devin Wild - Mirror (Official Video),https://www.youtube.com/watch?v=PPJJ4un288g&list=PLblHf1C6WdiEqI0RcPhlOZ2WscZEHzUah&index=602,Sound Rush,2025-03-21 18:20:37,2025-03-21 14:34:33,False
TOZA & Stratisphere - DON'T FKN NEED U (Official Hardstyle Video),https://www.youtube.com/watch?v=Y7ubgQTW_Fw&list=PLblHf1C6WdiEqI0RcPhlOZ2WscZEHzUah&index=601,Dirty Workz,2025-03-22 19:42:16,2025-02-20 11:00:06,False
Change My Mind,https://www.youtube.com/watch?v=Yzhu1W7TKjg&list=PLblHf1C6WdiEqI0RcPhlOZ2WscZEHzUah&index=600,More Kords - Topic,2025-03-25 05:08:46,2025-01-16 10:03:25,False
Get Wrecked 2024 Tool,https://www.youtube.com/watch?v=pY_pjx3gDFQ&list=PLblHf1C6WdiEqI0RcPhlOZ2WscZEHzUah&index=599,Dual Damage - Topic,2025-03-25 05:09:49,2024-05-29 10:00:44,False
Partystarter,https://www.youtube.com/watch?v=-EJ87geXjt8&list=PLblHf1C6WdiEqI0RcPhlOZ2WscZEHzUah&index=598,Mizz Behave - Topic,2025-03-26 04:49:04,2021-05-06 11:14:47,False
Keep On Fallin',https://www.youtube.com/watch?v=PVb1nfuUny4&list=PLblHf1C6WdiEqI0RcPhlOZ2WscZEHzUah&index=597,Irradiate - Topic,2025-03-26 09:13:21,2025-02-20 10:02:19,False
Riot Shift & Levenkhan ft. Bennykaay - TILL MY HEART STOPS (Official Videoclip),https://www.youtube.com/watch?v=2tHIaxUN8Dg&list=PLblHf1C6WdiEqI0RcPhlOZ2WscZEHzUah&index=596,Aggressive Records,2025-03-26 17:28:01,2025-03-26 16:00:07,False
Juliëx & Aradia - Dancefloor Killer (Official Videoclip),https://www.youtube.com/watch?v=DG7R6v-nOhs&list=PLblHf1C6WdiEqI0RcPhlOZ2WscZEHzUah&index=595,Snakepit Hardcore,2025-03-27 16:26:59,2024-07-08 15:16:55,False
Dimitri K - This Is The Life (Official Videoclip),https://www.youtube.com/watch?v=FNzdHlIaWIk&list=PLblHf1C6WdiEqI0RcPhlOZ2WscZEHzUah&index=594,Dimitri K,2025-03-27 17:50:24,2025-03-27 17:37:41,False
Dougal & Gammer - Anybody Else But You (Hardcore Version) (Official Audio) | Essential Platinum,https://www.youtube.com/watch?v=NLiBcSKQnEo&list=PLblHf1C6WdiEqI0RcPhlOZ2WscZEHzUah&index=593,Phoenix Music International Ltd,2025-03-31 17:17:54,2020-08-31 12:00:06,False
What We Do (HTID Mix) - S3RL,https://www.youtube.com/watch?v=YxWT9RL4yfA&list=PLblHf1C6WdiEqI0RcPhlOZ2WscZEHzUah&index=592,S3RL,2025-04-03 05:27:13,2025-04-02 22:36:13,False
Bad Man Sound,https://www.youtube.com/watch?v=vg4x3jj663o&list=PLblHf1C6WdiEqI0RcPhlOZ2WscZEHzUah&index=591,Darren Styles - Topic,2025-04-03 08:27:53,2025-03-27 10:04:49,False
Krowdexx & Mish - FEELIN' HIGH (Official Videoclip),https://www.youtube.com/watch?v=u7INeFKEea4&list=PLblHf1C6WdiEqI0RcPhlOZ2WscZEHzUah&index=590,Aggressive Records,2025-04-03 17:24:04,2025-04-03 08:00:56,False
D-Fence & Lil Texas - Blast Your Stereo,https://www.youtube.com/watch?v=IpoKmcA88BU&list=PLblHf1C6WdiEqI0RcPhlOZ2WscZEHzUah&index=589,D-Fence,2025-04-04 08:27:43,2025-04-03 16:10:39,False
Captain Curtis x Tatsunoshin x SONJA - Neon Lights [Official Audio],https://www.youtube.com/watch?v=oSij95QKkMk&list=PLblHf1C6WdiEqI0RcPhlOZ2WscZEHzUah&index=588,I AM HARDSTYLE,2025-04-04 15:49:08,2025-04-04 07:36:35,False
Crypton ft.Becci - CHASING SHADOWS [Euphoric Hardcore 2025],https://www.youtube.com/watch?v=bOENe0l1Yz4&list=PLblHf1C6WdiEqI0RcPhlOZ2WscZEHzUah&index=587,Crypton,2025-04-04 16:02:40,2025-03-21 16:00:44,False
Crypton - HEART ON FIRE [Euphoric Hardcore 2025],https://www.youtube.com/watch?v=_26bbKJK4cg&list=PLblHf1C6WdiEqI0RcPhlOZ2WscZEHzUah&index=586,Crypton,2025-04-04 16:02:46,2025-04-04 14:10:00,False
Alive (Techno Mix),https://www.youtube.com/watch?v=Jv0HIxfQIT8&list=PLblHf1C6WdiEqI0RcPhlOZ2WscZEHzUah&index=585,Ben Nicky - Topic,2025-04-06 09:36:41,2025-03-27 10:00:22,False
Deadly Guns - Hate Destroyer (Rave Core) (Official Videoclip),https://www.youtube.com/watch?v=Asi8MdSPOD0&list=PLblHf1C6WdiEqI0RcPhlOZ2WscZEHzUah&index=584,Deadly Guns,2025-04-11 08:34:36,2025-04-10 15:00:06,False
Pendulum & Armin van Buuren & Rob Swire - Sound of You (Official Lyric Video),https://www.youtube.com/watch?v=UkALtin4Lf4&list=PLblHf1C6WdiEqI0RcPhlOZ2WscZEHzUah&index=583,Armin van Buuren,2025-04-11 16:25:54,2025-04-11 15:05:00,False
LIL TEXAS & IRRADIATE - HIGHS IN MY DREAMS 💫(OFFICIAL VIDEOCLIP),https://www.youtube.com/watch?v=5zH92Tx14v8&list=PLblHf1C6WdiEqI0RcPhlOZ2WscZEHzUah&index=582,Irradiate,2025-04-11 16:51:17,2025-04-11 15:00:08,False
Dual Damage - Love Death (Bumloco Edit) (Uptempo),https://www.youtube.com/watch?v=NiJKVFVC4TU&list=PLblHf1C6WdiEqI0RcPhlOZ2WscZEHzUah&index=581,Frenchcore Hardcore,2025-04-11 18:18:36,2023-12-20 16:00:13,False
Unproven - Antidote,https://www.youtube.com/watch?v=jRvqfvKaVDE&list=PLblHf1C6WdiEqI0RcPhlOZ2WscZEHzUah&index=580,Barbaric Records,2025-04-11 18:19:10,2022-09-07 23:00:15,False
Unproven - Like A Bitch,https://www.youtube.com/watch?v=-LWoyGngPIA&list=PLblHf1C6WdiEqI0RcPhlOZ2WscZEHzUah&index=579,Barbaric Records,2025-04-11 18:19:33,2022-10-19 23:00:00,False
Davide Sonar - Direct Line (HQ),https://www.youtube.com/watch?v=3tM3ns4KeBs&list=PLblHf1C6WdiEqI0RcPhlOZ2WscZEHzUah&index=578,davidesonar,2025-04-11 18:20:12,2011-06-17 15:33:49,False
I Won't Let You Down (feat. Miss Geist),https://www.youtube.com/watch?v=KYOcuxSnR8A&list=PLblHf1C6WdiEqI0RcPhlOZ2WscZEHzUah&index=577,Aftershock - Topic,2025-04-11 18:23:56,2024-03-28 10:00:14,False
Highs In My Dreams,https://www.youtube.com/watch?v=v-1HOpu5w7g&list=PLblHf1C6WdiEqI0RcPhlOZ2WscZEHzUah&index=576,Lil Texas - Topic,2025-04-11 18:24:58,2025-04-10 10:01:31,False
Audiotricz - Just Can't Get Enough (Official Audio),https://www.youtube.com/watch?v=XGrIcEn_p8k&list=PLblHf1C6WdiEqI0RcPhlOZ2WscZEHzUah&index=575,I AM HARDSTYLE,2025-04-11 18:26:56,2022-04-14 09:04:44,False
The Prophet - Creatures Of The Night (Official Videoclip),https://www.youtube.com/watch?v=nzlwjwI0tVY&list=PLblHf1C6WdiEqI0RcPhlOZ2WscZEHzUah&index=574,Scantraxx,2025-04-11 18:27:11,2021-05-05 14:00:13,False
Josh & Wesz - Vibrational Harmony (Official HQ Preview),https://www.youtube.com/watch?v=Z6odVlbpTME&list=PLblHf1C6WdiEqI0RcPhlOZ2WscZEHzUah&index=573,Dirty Workz,2025-04-11 18:27:58,2017-12-05 18:00:02,False
TOZA ft. Teal - SUMMER LUV (Official Hardstyle Video),https://www.youtube.com/watch?v=5_uh3gmMvXw&list=PLblHf1C6WdiEqI0RcPhlOZ2WscZEHzUah&index=572,Dirty Workz,2025-04-11 18:28:51,2025-03-20 18:00:06,False
So High,https://www.youtube.com/watch?v=LwypsloI3Wo&list=PLblHf1C6WdiEqI0RcPhlOZ2WscZEHzUah&index=571,Zeiqo - Topic,2025-04-11 18:34:49,2025-02-27 10:02:27,False
Timmy Trumpet feat. Charlott Boss - Dumb,https://www.youtube.com/watch?v=jkTpT0loBWc&list=PLblHf1C6WdiEqI0RcPhlOZ2WscZEHzUah&index=570,TMRW Music,2025-04-11 18:36:24,2020-02-06 22:26:35,False
F. Noize & Indika - Posers In The Spotlight,https://www.youtube.com/watch?v=VqSi8d1Ql5o&list=PLblHf1C6WdiEqI0RcPhlOZ2WscZEHzUah&index=569,Partyraiser Recordings,2025-04-11 18:37:25,2025-02-27 08:44:16,False
Mutilator & Aversion ft. Iris Goes - The Ocean Calls (Official Video),https://www.youtube.com/watch?v=0Fz2_cgq1vw&list=PLblHf1C6WdiEqI0RcPhlOZ2WscZEHzUah&index=568,Gearbox Digital,2025-04-11 18:38:41,2025-03-12 17:00:07,False
Audiotricz & Mark Eva - No Fear (Official Audio),https://www.youtube.com/watch?v=Fg3KQDTqZJg&list=PLblHf1C6WdiEqI0RcPhlOZ2WscZEHzUah&index=567,I AM HARDSTYLE,2025-04-11 18:41:07,2024-07-18 17:19:00,False
Headhunterz & Final Day - How Far Can You Go (Official Videoclip),https://www.youtube.com/watch?v=ugqJG21KphE&list=PLblHf1C6WdiEqI0RcPhlOZ2WscZEHzUah&index=566,Art of Creation,2025-04-11 18:41:36,2024-02-09 11:00:10,False
Deetox ft. Elyn - Paralyzed,https://www.youtube.com/watch?v=cDiEeWD3j9w&list=PLblHf1C6WdiEqI0RcPhlOZ2WscZEHzUah&index=565,HARD with STYLE,2025-04-11 18:42:38,2017-02-10 12:50:13,False
D-Sturb - Higher Power (Official Videoclip),https://www.youtube.com/watch?v=cLO74JNQv0Y&list=PLblHf1C6WdiEqI0RcPhlOZ2WscZEHzUah&index=564,Supremacy,2025-04-13 05:45:11,2025-03-27 18:00:06,False
ADRENALIN - Raisinger & Mr. Bassmeister,https://www.youtube.com/watch?v=k9kD0T58nxc&list=PLblHf1C6WdiEqI0RcPhlOZ2WscZEHzUah&index=563,Mr. Bassmeister,2025-04-13 10:10:33,2025-04-13 08:29:50,False
D-Frek - The Flute Track (Official Music Video),https://www.youtube.com/watch?v=_b36fDsU0fQ&list=PLblHf1C6WdiEqI0RcPhlOZ2WscZEHzUah&index=562,D-Frek,2025-04-16 16:04:01,2025-04-16 07:29:01,False
Singularity (Konstruktor & JacQ Remix),https://www.youtube.com/watch?v=0UPcBGhQvAc&list=PLblHf1C6WdiEqI0RcPhlOZ2WscZEHzUah&index=561,Morty Simmons - Topic,2025-04-17 04:04:27,2019-11-07 10:03:58,False
Nothing To Lose,https://www.youtube.com/watch?v=8tUpNsrHvQQ&list=PLblHf1C6WdiEqI0RcPhlOZ2WscZEHzUah&index=560,Hyperverb - Topic,2025-04-17 04:10:00,2024-10-10 10:00:08,False
Riot Shift - FROZEN (Official Videoclip),https://www.youtube.com/watch?v=Ixi6S1IEjmo&list=PLblHf1C6WdiEqI0RcPhlOZ2WscZEHzUah&index=559,Aggressive Records,2025-04-18 07:17:36,2025-04-17 08:00:16,False
D-Charged ft. Amy Mae Lou - Have It All (Hardstyle DNA Outdoor 2025 Anthem),https://www.youtube.com/watch?v=2xn0TjrfN1g&list=PLblHf1C6WdiEqI0RcPhlOZ2WscZEHzUah&index=558,Dirty Workz,2025-04-18 09:54:00,2025-04-17 15:00:11,False
Sound Rush - Stardust (Official Video),https://www.youtube.com/watch?v=hSDdco9AKb8&list=PLblHf1C6WdiEqI0RcPhlOZ2WscZEHzUah&index=557,Sound Rush,2025-04-18 12:20:58,2025-04-18 11:01:12,False
Bassfieber,https://www.youtube.com/watch?v=n5vi_Ed0oLk&list=PLblHf1C6WdiEqI0RcPhlOZ2WscZEHzUah&index=556,Marc Korn - Topic,2025-04-18 14:40:47,2024-11-28 10:02:00,False
Mütze Katze - Mama Papa (Offizieller Visualizer),https://www.youtube.com/watch?v=fxEA0qB3waU&list=PLblHf1C6WdiEqI0RcPhlOZ2WscZEHzUah&index=555,Ballermann Hits,2025-04-18 15:00:05,2025-02-28 16:00:52,False
Tatsunoshin x Quickdrop - Sandstorm,https://www.youtube.com/watch?v=MZOAXHOQEP0&list=PLblHf1C6WdiEqI0RcPhlOZ2WscZEHzUah&index=554,Tatsunoshin,2025-04-18 17:41:38,2025-04-18 10:12:32,False
The Prophet - The Miracle (2K19 Adagio For Strings Edit),https://www.youtube.com/watch?v=xGOzkOfhTS4&list=PLblHf1C6WdiEqI0RcPhlOZ2WscZEHzUah&index=553,DJ The Prophet,2025-04-18 20:27:46,2025-04-18 16:01:28,False
@MilleniumKid  & JBS - Vielleicht Vielleicht (Holy Priest & elMefti Remix) (Music Video),https://www.youtube.com/watch?v=pgFGKGhLXfI&list=PLblHf1C6WdiEqI0RcPhlOZ2WscZEHzUah&index=552,HOLY PRIEST,2025-04-18 21:52:38,2025-04-17 16:00:06,False
Sound Rush & Airtunes - Gods,https://www.youtube.com/watch?v=M89QcyPCTHs&list=PLblHf1C6WdiEqI0RcPhlOZ2WscZEHzUah&index=551,HARD with STYLE,2025-04-19 12:34:46,2017-01-28 19:42:26,False
OUTSIDE,https://www.youtube.com/watch?v=sFjPL-h3Cls&list=PLblHf1C6WdiEqI0RcPhlOZ2WscZEHzUah&index=550,TOZA - Topic,2025-04-22 05:19:50,2024-12-19 10:01:02,False
KidEast - Graveyard of the Dark (Official Video),https://www.youtube.com/watch?v=fePZV4CukYs&list=PLblHf1C6WdiEqI0RcPhlOZ2WscZEHzUah&index=549,Theracords,2025-04-22 17:10:17,2025-04-22 15:01:07,False
DVRGNT - Superstar (Official Videoclip),https://www.youtube.com/watch?v=jrwXJkelvUk&list=PLblHf1C6WdiEqI0RcPhlOZ2WscZEHzUah&index=548,Heart for Hard,2025-04-23 16:11:37,2024-02-19 11:03:26,False
Aria - Robotic Rhythm (Official Hardstyle Audio),https://www.youtube.com/watch?v=cJie3IwE8Bk&list=PLblHf1C6WdiEqI0RcPhlOZ2WscZEHzUah&index=547,Dirty Workz,2025-04-23 17:06:24,2025-04-23 17:00:59,False
Simon Fischer & Peter Miethig - Quantum Waves,https://www.youtube.com/watch?v=vHkkSUugqtg&list=PLblHf1C6WdiEqI0RcPhlOZ2WscZEHzUah&index=546,Suanda Music,2025-04-23 18:28:47,2025-04-23 06:45:02,False
Unresolved - Whispers † | Official Preview [OUT NOW],https://www.youtube.com/watch?v=uCQJvp0icl0&list=PLblHf1C6WdiEqI0RcPhlOZ2WscZEHzUah&index=545,Unresolved,2025-04-24 04:39:31,2019-08-09 15:00:12,False
Popcorn,https://www.youtube.com/watch?v=y2fcMih96v0&list=PLblHf1C6WdiEqI0RcPhlOZ2WscZEHzUah&index=544,More Kords - Topic,2025-04-24 13:15:03,2025-03-04 01:35:17,False
Resilience & Refold - What It Takes | Q-dance presents NEXT,https://www.youtube.com/watch?v=-lRmhQ8KyD8&list=PLblHf1C6WdiEqI0RcPhlOZ2WscZEHzUah&index=543,Q-dance Music,2025-04-24 16:06:54,2025-04-23 08:00:00,False
Mad Dog & Art Of Fighters feat. Dave Revan - Bigger Than Ever (Hardcore Italia 2025 Official Anthem),https://www.youtube.com/watch?v=TgWCERd5kb0&list=PLblHf1C6WdiEqI0RcPhlOZ2WscZEHzUah&index=542,DJ MAD DOG,2025-04-24 16:16:33,2025-04-24 14:00:07,False
Zaag on the Ceiling,https://www.youtube.com/watch?v=alp5EMbnZ7k&list=PLblHf1C6WdiEqI0RcPhlOZ2WscZEHzUah&index=541,More Kords - Topic,2025-04-25 18:16:06,2025-03-06 10:02:05,False
B-Front & Level One - The One That Got Away | Official Hardstyle Video,https://www.youtube.com/watch?v=kpUilFCJO74&list=PLblHf1C6WdiEqI0RcPhlOZ2WscZEHzUah&index=540,Scantraxx,2025-04-25 18:31:11,2025-04-25 14:00:07,False
Friends,https://www.youtube.com/watch?v=hAw9wD53Tf4&list=PLblHf1C6WdiEqI0RcPhlOZ2WscZEHzUah&index=539,HBz - Topic,2025-04-26 09:29:10,2025-02-06 10:03:14,False
IRRADIATE & THE DOPE DOCTOR - BEST YOU EVER HAD🏆 (OFFICIAL MUSICVIDEO),https://www.youtube.com/watch?v=j7AfllYLeWQ&list=PLblHf1C6WdiEqI0RcPhlOZ2WscZEHzUah&index=538,Irradiate,2025-05-03 10:42:26,2025-05-02 14:30:06,False
Anderex - Sweet Disposition,https://www.youtube.com/watch?v=Oxt4IjYjsTM&list=PLblHf1C6WdiEqI0RcPhlOZ2WscZEHzUah&index=537,Anderex,2025-05-06 16:57:41,2025-05-06 15:30:26,False
More Kords & Bassbrain - RUSH (Official Hardstyle Clip),https://www.youtube.com/watch?v=4nabUIgtcUw&list=PLblHf1C6WdiEqI0RcPhlOZ2WscZEHzUah&index=536,Dirty Workz,2025-05-10 15:45:43,2025-03-14 16:00:06,False
D-Block & S-te-Fan - No Angel (Official Video),https://www.youtube.com/watch?v=WQ4WjTvea68&list=PLblHf1C6WdiEqI0RcPhlOZ2WscZEHzUah&index=535,D-Block & S-te-Fan (DBSTF),2025-05-10 15:48:34,2025-01-31 14:00:38,False
Araysen - I Don't Know (Official Hardstyle Video) [Copyright Free Music],https://www.youtube.com/watch?v=ReYnjpZinqI&list=PLblHf1C6WdiEqI0RcPhlOZ2WscZEHzUah&index=534,DWX Copyright Free Hardstyle,2025-05-10 15:49:20,2025-02-28 09:08:44,False
TNT - 2003 (Official Hardstyle Video),https://www.youtube.com/watch?v=5ohy4jQnvMM&list=PLblHf1C6WdiEqI0RcPhlOZ2WscZEHzUah&index=533,Dirty Workz,2025-05-10 16:14:56,2023-10-05 17:00:08,False
ON AND ON AND ON (Uptempo Remix),https://www.youtube.com/watch?v=1mGm4sv4hdg&list=PLblHf1C6WdiEqI0RcPhlOZ2WscZEHzUah&index=532,Radera - Topic,2025-05-14 17:19:04,2025-04-24 10:05:00,False
DJ Gollum feat. Scarlet - All The Things She Said (Noiseflow & Triple X Remix),https://www.youtube.com/watch?v=jit-8fZGJNg&list=PLblHf1C6WdiEqI0RcPhlOZ2WscZEHzUah&index=531,Zooland.TV,2025-05-14 18:56:37,2024-08-29 22:01:20,False
Dual Damage - Get Wrecked 2024 Tool (Dimitri K Remix) (Official Videoclip),https://www.youtube.com/watch?v=D0M5ZMOdecc&list=PLblHf1C6WdiEqI0RcPhlOZ2WscZEHzUah&index=530,Unfold Records,2025-05-17 14:14:36,2025-04-24 10:00:19,False
How Do You Do (Noiseflow Remix),https://www.youtube.com/watch?v=COLDHKZAkZ4&list=PLblHf1C6WdiEqI0RcPhlOZ2WscZEHzUah&index=529,Harris & Ford - Topic,2025-05-17 17:49:44,2025-01-16 10:04:19,False
Kronos & Yoshiko - Still Waiting | Q-dance presents QORE,https://www.youtube.com/watch?v=ruv460qvDU4&list=PLblHf1C6WdiEqI0RcPhlOZ2WscZEHzUah&index=528,Q-dance Music,2025-05-23 04:39:13,2025-05-22 07:00:06,False
Sound Rush & Outsiders - Million Dreams | Defqon.1 Records,https://www.youtube.com/watch?v=ovMzwnPGxb0&list=PLblHf1C6WdiEqI0RcPhlOZ2WscZEHzUah&index=527,Q-dance Music,2025-05-23 18:22:19,2025-05-23 08:00:06,False
D-Charged - Azure | Defqon.1 Records,https://www.youtube.com/watch?v=c6P9dnBzOZg&list=PLblHf1C6WdiEqI0RcPhlOZ2WscZEHzUah&index=526,Q-dance Music,2025-05-23 18:23:50,2025-05-21 15:00:06,False
AMAYZE - Forged In Flames | Defqon.1 Records,https://www.youtube.com/watch?v=0TraoOUlgJs&list=PLblHf1C6WdiEqI0RcPhlOZ2WscZEHzUah&index=525,Q-dance Music,2025-05-23 18:25:50,2025-05-21 15:00:06,False
EQUAL2 - Krunk,https://www.youtube.com/watch?v=o0fmcbU6Hz4&list=PLblHf1C6WdiEqI0RcPhlOZ2WscZEHzUah&index=524,Partyraiser Recordings,2025-05-24 18:36:06,2022-01-06 23:00:19,False
Gunz For Hire - The Devil's Son (official videoclip),https://www.youtube.com/watch?v=O7HETDMe5Bg&list=PLblHf1C6WdiEqI0RcPhlOZ2WscZEHzUah&index=523,Gunz For Hire,2025-05-24 18:38:06,2025-05-01 13:53:43,False
GPF x Dr Donk - Not Fair (Official Video),https://www.youtube.com/watch?v=Tv64eaR58l0&list=PLblHf1C6WdiEqI0RcPhlOZ2WscZEHzUah&index=522,GPF,2025-05-30 17:29:28,2025-05-30 14:19:35,False
Nobody Likes It,https://www.youtube.com/watch?v=seuGkUQc3-A&list=PLblHf1C6WdiEqI0RcPhlOZ2WscZEHzUah&index=521,Dougal - Topic,2025-06-01 19:08:14,2020-06-22 09:44:45,False
Mickey Skeedale Ft. Jenna - Through The Darkness (Dougal & Gammer Remix),https://www.youtube.com/watch?v=zB7YDRBRTXs&list=PLblHf1C6WdiEqI0RcPhlOZ2WscZEHzUah&index=520,TrueRedDevil91,2025-06-02 17:00:55,2009-11-15 10:35:17,False
Tonight (Original Mix),https://www.youtube.com/watch?v=RNt2fGCJPV4&list=PLblHf1C6WdiEqI0RcPhlOZ2WscZEHzUah&index=519,B-Front - Topic,2025-06-03 04:09:22,2025-05-24 18:01:01,False
My Own Path,https://www.youtube.com/watch?v=9MLoZFyzz4k&list=PLblHf1C6WdiEqI0RcPhlOZ2WscZEHzUah&index=518,B-Front - Topic,2025-06-04 04:02:36,2025-04-10 10:01:54,False
Le Shuuk - Frau Holle (Official Video),https://www.youtube.com/watch?v=Ows-cgRjbcM&list=PLblHf1C6WdiEqI0RcPhlOZ2WscZEHzUah&index=517,le Shuuk,2025-06-04 05:28:06,2025-05-09 18:00:06,False
Abor & Tynna - Coco Taxi,https://www.youtube.com/watch?v=08GElW5UvfE&list=PLblHf1C6WdiEqI0RcPhlOZ2WscZEHzUah&index=516,AborAndTynnaVEVO,2025-06-04 05:44:05,2023-11-02 23:00:00,False
"Mia Julia, NOISETIME & Stevio - Partyradikal (Offizielles Musikvideo)",https://www.youtube.com/watch?v=h1BUL8ac7PA&list=PLblHf1C6WdiEqI0RcPhlOZ2WscZEHzUah&index=515,Mia Julia,2025-06-07 20:28:51,2025-03-28 15:00:58,False
Releazer - Break My Heart (Official Hardstyle Audio),https://www.youtube.com/watch?v=M7bvMRlXhWg&list=PLblHf1C6WdiEqI0RcPhlOZ2WscZEHzUah&index=514,Dirty Workz,2025-06-10 17:17:59,2025-06-10 17:00:23,False
Darren Styles & TNT - Be Somebody (Official Hardstyle Video),https://www.youtube.com/watch?v=hGxJ8uPh8Zk&list=PLblHf1C6WdiEqI0RcPhlOZ2WscZEHzUah&index=513,Dirty Workz,2025-06-10 17:29:33,2025-05-23 10:29:00,False
Releazer - Feel Your Love (Official Hardstyle Audio),https://www.youtube.com/watch?v=hATFSi4kPEM&list=PLblHf1C6WdiEqI0RcPhlOZ2WscZEHzUah&index=512,Dirty Workz,2025-06-10 17:34:20,2025-05-14 12:08:49,False
Synthsoldier - Light & Shadow (Shadows Of Wonderland 2025 Anthem) (Official Hardstyle Video),https://www.youtube.com/watch?v=ILAnRcXAujA&list=PLblHf1C6WdiEqI0RcPhlOZ2WscZEHzUah&index=511,Dirty Workz,2025-06-10 17:38:58,2025-04-30 10:00:07,False
Firelite & Losty - Message On Read (Official Hardstyle Video),https://www.youtube.com/watch?v=GTA0HjOnOME&list=PLblHf1C6WdiEqI0RcPhlOZ2WscZEHzUah&index=510,Dirty Workz,2025-06-10 17:39:55,2025-04-23 09:00:06,False
Andy the Core & Black Frequency - BACK TO LIFE,https://www.youtube.com/watch?v=Jlq1e7Eo41E&list=PLblHf1C6WdiEqI0RcPhlOZ2WscZEHzUah&index=509,Andy The Core,2025-06-13 16:43:54,2025-06-13 16:30:06,False
DA TWEEKAZ & D-STURB  - Voices,https://www.youtube.com/watch?v=SFu-nbhv-qQ&list=PLblHf1C6WdiEqI0RcPhlOZ2WscZEHzUah&index=508,Intents Festival,2025-06-14 09:17:25,2025-05-22 17:00:06,False
Lunatic D.J.T.M. - Ready 2 Go (Critical Strikez Remix) // TECHNOBASE.FM VOL. 12 //,https://www.youtube.com/watch?v=7M0S0IEtreU&list=PLblHf1C6WdiEqI0RcPhlOZ2WscZEHzUah&index=507,Central Stage of Music,2025-06-14 11:28:32,2015-12-13 19:04:13,False
Da Tweekaz & D-Block & S-te-Fan - In My Mind (Official Hardstyle Video),https://www.youtube.com/watch?v=qm98h7lTAzY&list=PLblHf1C6WdiEqI0RcPhlOZ2WscZEHzUah&index=506,Dirty Workz,2025-06-19 18:21:40,2025-06-19 10:00:06,False
Deadly Guns & D-Fence - Open Your Eyes (Official Videoclip),https://www.youtube.com/watch?v=DBNeGmYEpcM&list=PLblHf1C6WdiEqI0RcPhlOZ2WscZEHzUah&index=505,Deadly Guns,2025-06-20 08:12:53,2025-06-19 17:00:06,False
Riot Shift & TOZA - DOOMSDAY 4EVER (Official Videoclip),https://www.youtube.com/watch?v=TYJ-GTTF6Tk&list=PLblHf1C6WdiEqI0RcPhlOZ2WscZEHzUah&index=504,Aggressive Records,2025-06-20 17:16:28,2025-06-20 08:00:40,False
HYSTA REMIX 🌎 AROUND THE WORLD (MUSIC VIDEO),https://www.youtube.com/watch?v=2Mf2dQlx9vI&list=PLblHf1C6WdiEqI0RcPhlOZ2WscZEHzUah&index=503,Hysta Official,2025-06-22 12:52:16,2025-06-19 17:00:06,False
Bassbrain ft. CODA - Miss Tequila (Official Hardstyle Clip),https://www.youtube.com/watch?v=WMDCpb4gyyQ&list=PLblHf1C6WdiEqI0RcPhlOZ2WscZEHzUah&index=502,Dirty Workz,2025-06-24 12:47:34,2025-06-17 17:00:06,False
"Rumbombe - ""HURENSOHN"" (Offizielles Musikvideo)",https://www.youtube.com/watch?v=l1PNcCST9wM&list=PLblHf1C6WdiEqI0RcPhlOZ2WscZEHzUah&index=501,Ballermann Hits,2025-06-24 15:44:32,2025-03-20 21:00:40,False
Mia Julia - Respektlos (Offizielles Musikvideo),https://www.youtube.com/watch?v=oBMVeuQ7BAQ&list=PLblHf1C6WdiEqI0RcPhlOZ2WscZEHzUah&index=500,Ballermann Hits,2025-06-24 15:45:56,2024-08-23 15:30:22,False
LIZOT  x ItaloBrothers - HARDCORE (Official Visualizer),https://www.youtube.com/watch?v=zcLdSkEWY70&list=PLblHf1C6WdiEqI0RcPhlOZ2WscZEHzUah&index=499,LIZOT,2025-06-26 08:17:40,2025-06-12 22:01:14,False
Tream - BEYCHLKIEN (Official Video),https://www.youtube.com/watch?v=IUViCjHksKY&list=PLblHf1C6WdiEqI0RcPhlOZ2WscZEHzUah&index=498,Tream,2025-06-26 15:40:14,2023-10-26 21:59:09,False
Nils Van Zandt & 2 Fabiola - Lift U Up,https://www.youtube.com/watch?v=M-tbVysRQYc&list=PLblHf1C6WdiEqI0RcPhlOZ2WscZEHzUah&index=497,LNGLABEL,2025-06-26 15:50:44,2025-06-26 14:00:34,False
Lunakorpz & Dual Damage - GET RICH (Official Video),https://www.youtube.com/watch?v=C44cFqsSm70&list=PLblHf1C6WdiEqI0RcPhlOZ2WscZEHzUah&index=496,Wolvpack Recordings,2025-06-28 09:03:37,2023-09-22 14:00:12,False
Lunakorpz - Summer SZN | Q-dance presents QORE,https://www.youtube.com/watch?v=PGAYiwq_2rc&list=PLblHf1C6WdiEqI0RcPhlOZ2WscZEHzUah&index=495,Q-dance Music,2025-06-28 09:04:03,2024-04-03 09:22:02,False
Save a Life,https://www.youtube.com/watch?v=YN9UoytUa5s&list=PLblHf1C6WdiEqI0RcPhlOZ2WscZEHzUah&index=494,Dougal - Topic,2025-06-28 09:05:55,2020-05-05 11:18:12,False
Krowdexx x The Straikerz - OMG! (Official Videoclip),https://www.youtube.com/watch?v=pV40ohSuNx4&list=PLblHf1C6WdiEqI0RcPhlOZ2WscZEHzUah&index=493,Aggressive Records,2025-06-28 09:08:40,2025-06-26 08:00:52,False
Evolution Of Fire (Original Mix),https://www.youtube.com/watch?v=GKTtK3Od2g4&list=PLblHf1C6WdiEqI0RcPhlOZ2WscZEHzUah&index=492,Transcend - Topic,2025-06-28 09:09:21,2018-08-11 02:55:08,False
Artificial Reality (VIP),https://www.youtube.com/watch?v=Fl7566qpZWY&list=PLblHf1C6WdiEqI0RcPhlOZ2WscZEHzUah&index=491,Substanced - Topic,2025-06-28 09:10:33,2018-12-20 10:42:53,False
LUNAX - Fire (feat. myne) (Official Video),https://www.youtube.com/watch?v=RLvpa9rmyU0&list=PLblHf1C6WdiEqI0RcPhlOZ2WscZEHzUah&index=490,LUNAX,2025-06-28 09:30:40,2025-06-19 19:00:06,False
MARC ACARDIPANE - WAVE OF RAVE (HYSTA REMIX),https://www.youtube.com/watch?v=9YjV9fXwrME&list=PLblHf1C6WdiEqI0RcPhlOZ2WscZEHzUah&index=489,Hysta Official,2025-07-02 18:38:12,2024-03-15 11:00:06,False
Advanced Dealer - Need Your Love,https://www.youtube.com/watch?v=hkqO4uU0xa0&list=PLblHf1C6WdiEqI0RcPhlOZ2WscZEHzUah&index=488,Advanced Dealer,2025-07-02 18:45:57,2025-04-09 22:00:06,False
Dimitri K - Feel The Ground Shake (Official Videoclip),https://www.youtube.com/watch?v=kj6X1DHV9qQ&list=PLblHf1C6WdiEqI0RcPhlOZ2WscZEHzUah&index=487,Dimitri K,2025-07-02 19:38:07,2025-07-02 19:00:06,False
Sub Zero Project & Dual Damage - It Will Be OK (Official Hardstyle Video),https://www.youtube.com/watch?v=BG980sjkxhU&list=PLblHf1C6WdiEqI0RcPhlOZ2WscZEHzUah&index=486,Dirty Workz,2025-07-03 15:04:24,2025-04-10 10:00:06,False
HARRIS & FORD x VIVI MINU - WILLST DU,https://www.youtube.com/watch?v=8MwnnHqAJT0&list=PLblHf1C6WdiEqI0RcPhlOZ2WscZEHzUah&index=485,Harris & Ford,2025-07-04 15:33:02,2024-08-09 10:31:55,False
FTS (Sub Zero Project Rework),https://www.youtube.com/watch?v=e1UkQwN3rv8&list=PLblHf1C6WdiEqI0RcPhlOZ2WscZEHzUah&index=484,Showtek - Topic,2025-07-04 15:33:33,2025-05-29 10:03:34,False
4 Shots,https://www.youtube.com/watch?v=S9B2alPnYxA&list=PLblHf1C6WdiEqI0RcPhlOZ2WscZEHzUah&index=483,Korsakoff - Topic,2025-07-04 15:34:14,2025-05-29 10:04:02,False
My Child,https://www.youtube.com/watch?v=N2-7plIvHaY&list=PLblHf1C6WdiEqI0RcPhlOZ2WscZEHzUah&index=482,Korsakoff - Topic,2025-07-04 15:34:31,2025-04-24 10:02:48,False
Kaizen (A Tribute To 2009),https://www.youtube.com/watch?v=-EqiA1T0PP0&list=PLblHf1C6WdiEqI0RcPhlOZ2WscZEHzUah&index=481,Brennan Heart - Topic,2025-07-04 15:35:12,2024-09-27 14:09:40,False
Sub Zero Project ft. Bryant Powell - Refuse To Speak (Official Hardstyle Video),https://www.youtube.com/watch?v=NH_pEkCEcB8&list=PLblHf1C6WdiEqI0RcPhlOZ2WscZEHzUah&index=480,Dirty Workz,2025-07-04 15:35:38,2024-01-18 18:00:09,False
Lighthouse In The Storm,https://www.youtube.com/watch?v=wc4L7PD4seY&list=PLblHf1C6WdiEqI0RcPhlOZ2WscZEHzUah&index=479,Korsakoff - Topic,2025-07-04 15:48:43,2024-12-05 10:02:59,False
Remedy,https://www.youtube.com/watch?v=_D16fP76E4I&list=PLblHf1C6WdiEqI0RcPhlOZ2WscZEHzUah&index=478,Korsakoff - Topic,2025-07-04 15:48:58,2024-10-14 10:03:24,False
Ricardo Moreno & Korsakoff - So in love (Official videoclip),https://www.youtube.com/watch?v=-jzIVJL7fss&list=PLblHf1C6WdiEqI0RcPhlOZ2WscZEHzUah&index=477,OfficialKorsakoff,2025-07-04 15:49:19,2024-05-30 22:00:00,False
Woo,https://www.youtube.com/watch?v=OxhkFYdFBQI&list=PLblHf1C6WdiEqI0RcPhlOZ2WscZEHzUah&index=476,Korsakoff - Topic,2025-07-04 15:54:41,2023-08-23 10:03:55,False
Unproven & Satirized & Spitnoise - The New Operation (Official Videoclip),https://www.youtube.com/watch?v=kSRrFZ-fbk4&list=PLblHf1C6WdiEqI0RcPhlOZ2WscZEHzUah&index=475,Barbaric Records,2025-07-05 13:54:06,2025-07-04 09:13:26,False
OG Raver,https://www.youtube.com/watch?v=dlmMr-G-fNg&list=PLblHf1C6WdiEqI0RcPhlOZ2WscZEHzUah&index=474,The Purge - Topic,2025-07-07 18:32:45,2025-06-12 16:04:04,False
Sub Zero Project - Never Surrender (Official Hardstyle Video),https://www.youtube.com/watch?v=sl1expYDftg&list=PLblHf1C6WdiEqI0RcPhlOZ2WscZEHzUah&index=473,Dirty Workz,2025-07-11 16:26:01,2025-07-11 15:00:06,False
Fabian Farell x JOKA x Amperz – Lose Control (Children),https://www.youtube.com/watch?v=c2VlOItMLw0&list=PLblHf1C6WdiEqI0RcPhlOZ2WscZEHzUah&index=472,Kontor FM,2025-07-11 19:43:51,2025-07-11 07:46:17,False
Da Tweekaz - Real Love (Official HQ Video Clip),https://www.youtube.com/watch?v=ZpdpBic_aQg&list=PLblHf1C6WdiEqI0RcPhlOZ2WscZEHzUah&index=471,Dirty Workz,2025-07-13 19:55:06,2013-05-16 17:01:03,False
Mish & Krowdexx ft. MC Livid - ETERNAL PULSE (Shutdown Festival 2025 Anthem) (Official Videoclip),https://www.youtube.com/watch?v=9gU3f7Zpxh4&list=PLblHf1C6WdiEqI0RcPhlOZ2WscZEHzUah&index=470,Aggressive Records,2025-07-17 08:27:12,2025-07-16 17:00:07,False
D-Sturb & Aversion - Birds | Defqon.1 Records,https://www.youtube.com/watch?v=PWFlIqjTgcI&list=PLblHf1C6WdiEqI0RcPhlOZ2WscZEHzUah&index=469,Q-dance Music,2025-07-17 18:50:44,2025-07-17 10:00:47,False
Survival (DJ Manian vs. Tune up! Remix),https://www.youtube.com/watch?v=CA0bYK7eA8I&list=PLblHf1C6WdiEqI0RcPhlOZ2WscZEHzUah&index=468,Prezioso - Topic,2025-07-18 17:35:06,2018-11-01 10:51:17,False
Adrian Sina feat. Sandra N. - Angel (Giorno Remix Edit),https://www.youtube.com/watch?v=OTkbTUcCNMk&list=PLblHf1C6WdiEqI0RcPhlOZ2WscZEHzUah&index=467,Hands Up Generation,2025-07-19 06:33:52,2019-10-15 18:39:44,False
Alpha² - From The Rain (#A2REC031 Preview),https://www.youtube.com/watch?v=9wlqnqvdLhY&list=PLblHf1C6WdiEqI0RcPhlOZ2WscZEHzUah&index=466,A2 Records,2025-07-19 15:49:23,2012-04-27 15:42:32,False
Neko - My Blade (NUTTY061),https://www.youtube.com/watch?v=8B2u2bGWr3k&list=PLblHf1C6WdiEqI0RcPhlOZ2WscZEHzUah&index=465,Nutty Traxx,2025-07-19 15:49:52,2017-01-20 11:38:09,False
Dimitri K & MC Robs - Shockwave (Official Videoclip),https://www.youtube.com/watch?v=srcOhAd7ewM&list=PLblHf1C6WdiEqI0RcPhlOZ2WscZEHzUah&index=464,Dimitri K,2025-07-23 18:31:57,2025-07-23 18:00:07,False
Rebelion - Aliens On Acid (Official Hardstyle Video),https://www.youtube.com/watch?v=jK5oISjonng&list=PLblHf1C6WdiEqI0RcPhlOZ2WscZEHzUah&index=463,Dirty Workz,2025-07-26 16:32:06,2025-06-04 17:00:06,False
Sound Rush & Sogma ft. Ekaterina Shelehova - Stay With Me | The Endshow | Defqon.1 2025,https://www.youtube.com/watch?v=3o9zmq8M9W4&list=PLblHf1C6WdiEqI0RcPhlOZ2WscZEHzUah&index=462,Q-dance Music,2025-07-26 19:28:02,2025-07-08 15:00:06,False
MilleniumKid x JBS - Vielleicht (Access One Frenchcore Edit),https://www.youtube.com/watch?v=fie40c5uFgk&list=PLblHf1C6WdiEqI0RcPhlOZ2WscZEHzUah&index=461,Access One,2025-07-27 17:05:33,2025-07-06 14:34:24,False
Dr Donk & Noiseflow - New Drug (Official Video),https://www.youtube.com/watch?v=mwaM0J9vH4Y&list=PLblHf1C6WdiEqI0RcPhlOZ2WscZEHzUah&index=460,Greazy Recordz,2025-07-31 18:09:54,2024-01-26 11:42:27,False
Deadly Guns - From The Underground (Rave Core)(Official Videoclip),https://www.youtube.com/watch?v=Iv6tgrQ0Srk&list=PLblHf1C6WdiEqI0RcPhlOZ2WscZEHzUah&index=459,Deadly Guns,2025-07-31 18:10:44,2021-10-28 16:00:14,False
Deadly Guns - Everybody (Rave Core) (Official Videoclip),https://www.youtube.com/watch?v=rjXqEBzrLmA&list=PLblHf1C6WdiEqI0RcPhlOZ2WscZEHzUah&index=458,Deadly Guns,2025-07-31 18:11:37,2023-05-31 15:00:11,False
Discotronic x Triiipl3inc. - To The Moon And Back 2025 (Lyric Video),https://www.youtube.com/watch?v=UIPlI4zNAqE&list=PLblHf1C6WdiEqI0RcPhlOZ2WscZEHzUah&index=457,Rave Culture,2025-08-01 15:19:43,2025-08-01 10:00:58,False
D-Fence - Voice Of The Underground,https://www.youtube.com/watch?v=ZOMqQneAYaQ&list=PLblHf1C6WdiEqI0RcPhlOZ2WscZEHzUah&index=456,D-Fence,2025-08-01 20:30:13,2025-07-10 16:53:28,False
Galactixx & Ecstatic - Hurt | The Endshow | Defqon.1 2025,https://www.youtube.com/watch?v=vtwy6amKMxY&list=PLblHf1C6WdiEqI0RcPhlOZ2WscZEHzUah&index=455,Q-dance Music,2025-08-02 08:46:38,2025-07-11 09:00:06,False
Aftershock x DJ Gollum x Dynin x EA-Project - Crying At The Discotheque,https://www.youtube.com/watch?v=sntuTo27r_U&list=PLblHf1C6WdiEqI0RcPhlOZ2WscZEHzUah&index=454,Zooland.TV,2025-08-03 11:59:58,2025-07-31 22:01:09,False
Tamash & Dino Mileta - I Will Follow,https://www.youtube.com/watch?v=y64XK94AxIM&list=PLblHf1C6WdiEqI0RcPhlOZ2WscZEHzUah&index=453,Zooland.TV,2025-08-03 13:00:04,2025-05-01 22:00:58,False
GSB & Nick Novity - Night Sky,https://www.youtube.com/watch?v=mjwQWXrEWDs&list=PLblHf1C6WdiEqI0RcPhlOZ2WscZEHzUah&index=452,Zooland.TV,2025-08-03 13:38:56,2024-10-24 22:00:42,False
Until You're Gone,https://www.youtube.com/watch?v=bbYwBQUNFE0&list=PLblHf1C6WdiEqI0RcPhlOZ2WscZEHzUah&index=451,Phuture Noize - Topic,2025-08-05 04:37:34,2025-07-30 10:00:59,False
Magic Summer Night (Cascada vs. Plazmatek Radio Edit),https://www.youtube.com/watch?v=SlFXd_b_PMU&list=PLblHf1C6WdiEqI0RcPhlOZ2WscZEHzUah&index=450,Beatrix Delgado - Topic,2025-08-05 18:10:04,2015-01-28 05:29:33,False
Welcome to the Club (Radio Edit),https://www.youtube.com/watch?v=pK_i2jLQNPc&list=PLblHf1C6WdiEqI0RcPhlOZ2WscZEHzUah&index=449,Beatrix Delgado - Topic,2025-08-05 18:11:31,2015-01-28 19:16:09,False
Trip to Italia,https://www.youtube.com/watch?v=aNGQYyfrF3M&list=PLblHf1C6WdiEqI0RcPhlOZ2WscZEHzUah&index=448,Dr. Peacock - Topic,2025-08-05 19:00:14,2025-07-10 10:03:18,False
Aversion ft. Nathalie Blue - Land Of Lunacy (Into The Madness 2025 Anthem),https://www.youtube.com/watch?v=Yw1lUVckuHI&list=PLblHf1C6WdiEqI0RcPhlOZ2WscZEHzUah&index=447,Aversion,2025-08-07 15:54:41,2025-08-07 14:00:59,False
Showtek ft. We Are Loud & Sonny Wilson - Booyah (Dr Phunk & Lockdown Rework),https://www.youtube.com/watch?v=1fAnWhlG0xE&list=PLblHf1C6WdiEqI0RcPhlOZ2WscZEHzUah&index=446,Dutch Master Works,2025-08-08 16:59:36,2025-08-08 14:00:03,False
STVW - Behind Blue Eyes (Official Music Video),https://www.youtube.com/watch?v=OW93pnxU-pk&list=PLblHf1C6WdiEqI0RcPhlOZ2WscZEHzUah&index=445,Rave Culture,2025-08-08 19:23:18,2025-08-08 10:00:46,False
D-Sturb & Devin Wild - Elevate | Official Hardstyle Video,https://www.youtube.com/watch?v=GmsHXHXuT6k&list=PLblHf1C6WdiEqI0RcPhlOZ2WscZEHzUah&index=444,Scantraxx,2025-08-08 19:45:53,2025-08-08 14:00:06,False
B-Front - Symphony of Shadows (Qlimax 2019 Anthem) | Official Video,https://www.youtube.com/watch?v=K5tSjwdy1QM&list=PLblHf1C6WdiEqI0RcPhlOZ2WscZEHzUah&index=443,Q-dance,2025-08-08 20:06:58,2019-10-23 10:00:09,False
Milk Inc. - Storm (Official Video HD),https://www.youtube.com/watch?v=_1fpnsnRPHg&list=PLblHf1C6WdiEqI0RcPhlOZ2WscZEHzUah&index=442,Zooland.TV,2025-08-09 12:59:45,2010-03-30 14:49:22,False
Rumbombe - HURENSOHN (NOISETIME x NIKSTER Remix),https://www.youtube.com/watch?v=W7zBCFeZ6Gg&list=PLblHf1C6WdiEqI0RcPhlOZ2WscZEHzUah&index=441,NOISETIME,2025-08-09 14:45:07,2025-06-20 08:43:03,False
The Sign (Special D. Remix),https://www.youtube.com/watch?v=9drCuP21I30&list=PLblHf1C6WdiEqI0RcPhlOZ2WscZEHzUah&index=440,Sven-R-G & Bass-T - Topic,2025-08-09 19:18:47,2014-11-20 17:59:47,False
Firelite & Paul Gannon - Burn (Official Audio),https://www.youtube.com/watch?v=YTsy7zR-5gM&list=PLblHf1C6WdiEqI0RcPhlOZ2WscZEHzUah&index=439,Dirty Workz,2025-08-10 18:03:06,2020-04-06 10:00:18,False
Sub Zero Project & Rebelion - Live Fast Die Young (Official Video),https://www.youtube.com/watch?v=9nSxfPdVVYI&list=PLblHf1C6WdiEqI0RcPhlOZ2WscZEHzUah&index=438,Dirty Workz,2025-08-10 18:03:29,2022-06-21 17:00:11,False
Ecstatic - Bomb Breaker (Official Hardstyle Visualizer),https://www.youtube.com/watch?v=XPezRFyNxHk&list=PLblHf1C6WdiEqI0RcPhlOZ2WscZEHzUah&index=437,Dirty Workz,2025-08-10 18:03:55,2025-07-31 17:00:51,False
Drive Me Crazy,https://www.youtube.com/watch?v=RWUilC6Annk&list=PLblHf1C6WdiEqI0RcPhlOZ2WscZEHzUah&index=436,Hyperverb - Topic,2025-08-10 18:04:22,2023-04-26 10:02:46,False
Holy Calamity,https://www.youtube.com/watch?v=GdCnm9LYago&list=PLblHf1C6WdiEqI0RcPhlOZ2WscZEHzUah&index=435,Lil Texas - Topic,2025-08-10 18:06:40,2025-01-09 10:03:51,False
Da Tweekaz & DJane HouseKat & Pazoo - Like a B*tch (Official Hardstyle Video),https://www.youtube.com/watch?v=G8jNnYShebI&list=PLblHf1C6WdiEqI0RcPhlOZ2WscZEHzUah&index=434,Dirty Workz,2025-08-10 18:07:12,2025-03-27 11:00:06,False
RAF Camora feat. Bonez MC – Blaues Licht,https://www.youtube.com/watch?v=0NL8H1IAHVc&list=PLblHf1C6WdiEqI0RcPhlOZ2WscZEHzUah&index=433,RAF Camora,2025-08-10 18:08:14,2021-07-22 22:22:12,False
Back to get wild,https://www.youtube.com/watch?v=JQTkQCaP5gY&list=PLblHf1C6WdiEqI0RcPhlOZ2WscZEHzUah&index=432,The Dark Horror - Topic,2025-08-10 18:10:00,2024-06-08 02:47:37,False
Dimitri K - Own The Game (Official Videoclip),https://www.youtube.com/watch?v=j3_h4pdhiGc&list=PLblHf1C6WdiEqI0RcPhlOZ2WscZEHzUah&index=431,Dimitri K,2025-08-10 18:10:17,2024-11-07 18:00:06,False
Hardcore Bastards,https://www.youtube.com/watch?v=YYfjNhf1PPo&list=PLblHf1C6WdiEqI0RcPhlOZ2WscZEHzUah&index=430,D-Fence - Topic,2025-08-10 18:11:13,2022-07-13 10:01:04,False
Hard Driver - Time Is Running Out (Official Hardstyle Clip),https://www.youtube.com/watch?v=f1b2YYKlMuQ&list=PLblHf1C6WdiEqI0RcPhlOZ2WscZEHzUah&index=429,Dirty Workz,2025-08-10 18:11:29,2025-07-16 17:00:06,False
Sickmode & Adjuzt & The Straikerz - AVERAGE SUMMER SONG (Official Videoclip),https://www.youtube.com/watch?v=BuOoBUotTlw&list=PLblHf1C6WdiEqI0RcPhlOZ2WscZEHzUah&index=428,Aggressive Records,2025-08-10 18:13:07,2025-06-12 08:00:11,False
CRYOGENIC & HYSTA 🏆 PLAYER NR. 1,https://www.youtube.com/watch?v=Z1Jes3nYLEc&list=PLblHf1C6WdiEqI0RcPhlOZ2WscZEHzUah&index=427,Hysta Official,2025-08-10 18:16:28,2023-10-31 23:00:09,False
Hard Driver & Dual Damage - Pills & Potions (Official Hardstyle Clip),https://www.youtube.com/watch?v=E7dJ9Mr61aM&list=PLblHf1C6WdiEqI0RcPhlOZ2WscZEHzUah&index=426,Dirty Workz,2025-08-10 18:17:12,2025-02-05 16:49:43,False
IRRADIATE & NOXIOUZ - DREAMING😴 (OFFICIAL MUSICVIDEO),https://www.youtube.com/watch?v=sgFoDo2p04E&list=PLblHf1C6WdiEqI0RcPhlOZ2WscZEHzUah&index=425,Irradiate,2025-08-10 18:18:20,2025-06-12 15:00:06,False
Rebourne ft. Niclas Lundin - Darkness Disappears (Official Audio),https://www.youtube.com/watch?v=aplBMUddN8A&list=PLblHf1C6WdiEqI0RcPhlOZ2WscZEHzUah&index=424,I AM HARDSTYLE,2025-08-10 18:19:14,2021-10-18 15:00:03,False
NIVIRO - The Wellerman (Sea Shanty),https://www.youtube.com/watch?v=zstATVXubY0&list=PLblHf1C6WdiEqI0RcPhlOZ2WscZEHzUah&index=423,Rave Culture,2025-08-10 18:21:52,2021-02-05 11:00:36,False
Technikore & Weaver - Cant Stop Us Now [OneSeventy],https://www.youtube.com/watch?v=yoNjmvTBfYU&list=PLblHf1C6WdiEqI0RcPhlOZ2WscZEHzUah&index=422,OneSeventy,2025-08-10 18:22:17,2025-03-07 08:00:06,False
Darius & Finlay feat. Isi Glück - Was immer bleibt,https://www.youtube.com/watch?v=AihTCsqQykk&list=PLblHf1C6WdiEqI0RcPhlOZ2WscZEHzUah&index=421,Hitmix Music,2025-08-10 18:23:09,2017-06-23 12:00:02,False
RAYZEN - Paris,https://www.youtube.com/watch?v=Wskjo8vyf40&list=PLblHf1C6WdiEqI0RcPhlOZ2WscZEHzUah&index=420,RAYZEN,2025-08-10 18:31:16,2023-12-27 15:00:20,False
ALL MY LIFE,https://www.youtube.com/watch?v=2BmL9Z1c2Nc&list=PLblHf1C6WdiEqI0RcPhlOZ2WscZEHzUah&index=419,illuszion - Topic,2025-08-10 18:35:06,2025-07-10 10:02:55,False
Kiss Me Again,https://www.youtube.com/watch?v=7-dDkcvucc4&list=PLblHf1C6WdiEqI0RcPhlOZ2WscZEHzUah&index=418,Knitter&Fetze - Topic,2025-08-10 18:35:33,2025-07-10 10:04:59,False
Into You,https://www.youtube.com/watch?v=RkjsckNTezs&list=PLblHf1C6WdiEqI0RcPhlOZ2WscZEHzUah&index=417,Danimal - Topic,2025-08-10 18:36:50,2025-07-10 10:03:02,False
W&W - Bailando (Official Music Video),https://www.youtube.com/watch?v=2H8EYnDdkyI&list=PLblHf1C6WdiEqI0RcPhlOZ2WscZEHzUah&index=416,W&W,2025-08-10 18:40:01,2025-07-11 10:00:04,False
IN MY HEART,https://www.youtube.com/watch?v=T7h4DF-LWo8&list=PLblHf1C6WdiEqI0RcPhlOZ2WscZEHzUah&index=415,Flourian - Topic,2025-08-10 18:42:17,2025-07-10 10:04:19,False
Sub Zero Project - Illusions (Official Hardstyle Video),https://www.youtube.com/watch?v=psHWtDEQnxI&list=PLblHf1C6WdiEqI0RcPhlOZ2WscZEHzUah&index=414,Dirty Workz,2025-08-10 18:42:40,2023-03-23 18:00:09,False
Feel Alive,https://www.youtube.com/watch?v=_z4I3BMipes&list=PLblHf1C6WdiEqI0RcPhlOZ2WscZEHzUah&index=413,Noiseflow - Topic,2025-08-10 18:43:10,2024-04-02 13:46:35,False
We Are the Future,https://www.youtube.com/watch?v=Mk4bSb9ek_M&list=PLblHf1C6WdiEqI0RcPhlOZ2WscZEHzUah&index=412,Toneshifterz - Topic,2025-08-10 18:43:59,2018-06-22 01:18:57,False
Drop to the Beat (Radio Edit),https://www.youtube.com/watch?v=1uYA4yQNdbI&list=PLblHf1C6WdiEqI0RcPhlOZ2WscZEHzUah&index=411,Noiseflow - Topic,2025-08-10 18:44:17,2023-11-16 10:01:33,False
HYSTA & KORSAKOFF | ALWAYS RISE (OFFICIAL MUSIC VIDEO),https://www.youtube.com/watch?v=4YA9diMOOzk&list=PLblHf1C6WdiEqI0RcPhlOZ2WscZEHzUah&index=410,Hysta Official,2025-08-10 18:45:47,2024-09-13 16:00:07,False
Odium - Stay Alive,https://www.youtube.com/watch?v=stGBDS7J2Ts&list=PLblHf1C6WdiEqI0RcPhlOZ2WscZEHzUah&index=409,Intents Festival,2025-08-10 18:46:22,2025-06-19 22:01:15,False
LUNAX - You Owe Me (Official Video),https://www.youtube.com/watch?v=bwMvS6WVGSc&list=PLblHf1C6WdiEqI0RcPhlOZ2WscZEHzUah&index=408,LUNAX,2025-08-10 18:47:16,2024-06-14 10:00:07,False
D-Block & S-te-Fan - Brace Yourself (IMPAQT 2019 Anthem) | Official Video,https://www.youtube.com/watch?v=Ovy7vJOvozI&list=PLblHf1C6WdiEqI0RcPhlOZ2WscZEHzUah&index=407,Q-dance,2025-08-10 18:47:59,2019-07-25 13:13:45,False
Delerium ft. Sarah McLachlan - Silence (Brennan Heart & Dailucia Hard Mix),https://www.youtube.com/watch?v=-22x74olCvo&list=PLblHf1C6WdiEqI0RcPhlOZ2WscZEHzUah&index=406,I AM HARDSTYLE,2025-08-10 19:01:31,2021-10-08 14:30:00,False
Brennan Heart & Clockartz - What You Give Is What You Get (Official Video),https://www.youtube.com/watch?v=kjusvde8FVI&list=PLblHf1C6WdiEqI0RcPhlOZ2WscZEHzUah&index=405,I AM HARDSTYLE,2025-08-10 19:01:42,2022-04-29 14:00:12,False
Ich denk an dich,https://www.youtube.com/watch?v=dq0_ttZocGo&list=PLblHf1C6WdiEqI0RcPhlOZ2WscZEHzUah&index=404,2 Engel & Charlie - Topic,2025-08-10 19:03:56,2025-07-24 10:03:15,False
Jebroer x Mia Julia - Für Immer Wach (official video),https://www.youtube.com/watch?v=OmM56XP36Uw&list=PLblHf1C6WdiEqI0RcPhlOZ2WscZEHzUah&index=403,ROQ 'N ROLLA Music,2025-08-10 19:09:32,2025-06-20 14:00:44,False
ZIGGY X - Re-ConneXion   [08/2025],https://www.youtube.com/watch?v=v2uXUJSASSI&list=PLblHf1C6WdiEqI0RcPhlOZ2WscZEHzUah&index=402,ZIGGY X,2025-08-12 14:59:47,2025-08-11 15:50:06,False
Devin Wild - Closure | Official Hardstyle Visualizer,https://www.youtube.com/watch?v=DN5-3lCpUDM&list=PLblHf1C6WdiEqI0RcPhlOZ2WscZEHzUah&index=401,Scantraxx,2025-08-12 15:27:22,2025-07-25 08:00:27,False
Darren Styles - Save Me (Dj Rosell & Javi Molina Hardstyle Bootleg),https://www.youtube.com/watch?v=EpnSfIyIj9I&list=PLblHf1C6WdiEqI0RcPhlOZ2WscZEHzUah&index=400,Dj Rosell,2025-08-13 16:13:10,2025-08-12 20:00:10,False
DJ Fait - Save Your Love (Original Mix),https://www.youtube.com/watch?v=v-WBuCPIFEo&list=PLblHf1C6WdiEqI0RcPhlOZ2WscZEHzUah&index=399,Munix Music,2025-08-14 16:32:39,2014-04-04 08:59:36,False
Vagabonds (Extended Mix),https://www.youtube.com/watch?v=c-2RzEFB7As&list=PLblHf1C6WdiEqI0RcPhlOZ2WscZEHzUah&index=398,Pulsedriver - Topic,2025-08-14 18:13:29,2014-11-06 02:54:39,False
D-Block & S-te-Fan & Radical Redemption - Movin On | Official Hardstyle Videoclip,https://www.youtube.com/watch?v=r9BJwbg3Ra4&list=PLblHf1C6WdiEqI0RcPhlOZ2WscZEHzUah&index=397,Scantraxx,2025-08-15 17:06:33,2025-08-15 08:00:06,False
Wolv & Nightcraft - Breathe Again | Q-dance Records,https://www.youtube.com/watch?v=HRInZLiQ8V4&list=PLblHf1C6WdiEqI0RcPhlOZ2WscZEHzUah&index=396,Q-dance Music,2025-08-15 17:20:25,2025-08-07 13:00:06,False
Jay Reeve & Noiseshock - Fly (Official Hardstyle Visualizer),https://www.youtube.com/watch?v=-ntE7XA5abo&list=PLblHf1C6WdiEqI0RcPhlOZ2WscZEHzUah&index=395,Dirty Workz,2025-08-16 16:31:24,2025-08-15 15:00:00,False
Brennan Heart - When I'm With You (Official Music Video),https://www.youtube.com/watch?v=usCrZzMsCIc&list=PLblHf1C6WdiEqI0RcPhlOZ2WscZEHzUah&index=394,I AM HARDSTYLE,2025-08-16 16:44:16,2025-08-15 14:30:07,False
atmozfears | infinity,https://www.youtube.com/watch?v=h025SIaCj-A&list=PLblHf1C6WdiEqI0RcPhlOZ2WscZEHzUah&index=393,ATMOZFEARS,2025-08-18 08:16:35,2025-08-15 22:48:54,False
Mockingbird (feat. Kirsten),https://www.youtube.com/watch?v=UNN1NVBEksM&list=PLblHf1C6WdiEqI0RcPhlOZ2WscZEHzUah&index=392,Aftershock - Topic,2025-08-19 16:37:04,2025-04-09 10:01:31,False
Sefa & Dr. Peacock - Journey Through Time (Official Videoclip),https://www.youtube.com/watch?v=4omgbzmIEhA&list=PLblHf1C6WdiEqI0RcPhlOZ2WscZEHzUah&index=391,Q-dance Music,2025-08-19 16:48:06,2025-08-14 15:00:06,False
Demi Kanon - Watch You Move | Official Hardstyle Visualizer,https://www.youtube.com/watch?v=9zCYU32Srpc&list=PLblHf1C6WdiEqI0RcPhlOZ2WscZEHzUah&index=390,Scantraxx,2025-08-20 13:56:01,2025-08-14 11:00:19,False
Showtek - Dream (Adrenalize Remix) [Official Audio],https://www.youtube.com/watch?v=Crc1TarcqjE&list=PLblHf1C6WdiEqI0RcPhlOZ2WscZEHzUah&index=389,Spinnin' Records,2025-08-20 16:08:01,2024-04-27 09:00:12,False
Incult & Spectre - Till I Die (Official Video),https://www.youtube.com/watch?v=ywTwBO2RnWE&list=PLblHf1C6WdiEqI0RcPhlOZ2WscZEHzUah&index=388,Theracords,2025-08-20 16:31:20,2025-08-20 15:01:47,False
Jesse Jax & RE-PULZE - Face The Day (Official Hardstyle Video),https://www.youtube.com/watch?v=TCsWftQ_Qro&list=PLblHf1C6WdiEqI0RcPhlOZ2WscZEHzUah&index=387,Dirty Workz,2025-08-20 17:42:27,2025-08-20 17:20:35,False
Warface - S.O.S. (Official Videoclip),https://www.youtube.com/watch?v=FgybsiKO2hk&list=PLblHf1C6WdiEqI0RcPhlOZ2WscZEHzUah&index=386,WARFACE,2025-08-21 15:44:57,2025-08-21 15:00:32,False
Dimitri K & Lil Texas - Freestylers (Official Videoclip),https://www.youtube.com/watch?v=R46lvKanaOQ&list=PLblHf1C6WdiEqI0RcPhlOZ2WscZEHzUah&index=385,Dimitri K,2025-08-22 09:56:10,2025-08-22 07:00:32,False
DRS & Korsakoff - We'll Never Die,https://www.youtube.com/watch?v=G9pmZLPWzoM&list=PLblHf1C6WdiEqI0RcPhlOZ2WscZEHzUah&index=384,Masters of Hardcore,2025-08-22 11:14:53,2025-08-21 22:00:15,False
POV - Anstandslos & Durchgeknallt x Kayne & Kinkel x Vivi Minu,https://www.youtube.com/watch?v=ROLmsA6I4Wg&list=PLblHf1C6WdiEqI0RcPhlOZ2WscZEHzUah&index=383,Anstandslos & Durchgeknallt,2025-08-22 11:16:02,2025-08-21 22:00:06,False
KELTEK - Dance In The Dark (Here We Go Again) | Official Hardstyle Video,https://www.youtube.com/watch?v=BheVXRwWuEo&list=PLblHf1C6WdiEqI0RcPhlOZ2WscZEHzUah&index=382,Scantraxx,2025-08-22 11:17:57,2025-08-22 07:00:15,False
Unforgettable,https://www.youtube.com/watch?v=rWv32ariZts&list=PLblHf1C6WdiEqI0RcPhlOZ2WscZEHzUah&index=381,Primeshock - Topic,2025-08-22 11:26:05,2025-07-02 16:01:39,False
Where Did You Go,https://www.youtube.com/watch?v=NAO9TENTHdc&list=PLblHf1C6WdiEqI0RcPhlOZ2WscZEHzUah&index=380,Release - Topic,2025-08-22 11:44:06,2024-06-06 10:02:56,False
Felix Harrer x Buffalo&Wallace x Schalldicht – Ballerland,https://www.youtube.com/watch?v=-gcGZ6_GpJE&list=PLblHf1C6WdiEqI0RcPhlOZ2WscZEHzUah&index=379,Kontor FM,2025-08-22 12:09:47,2025-08-21 22:00:01,False
ROMANCEPLANET - FALL FROM THE SKY PT.2 (OFFICIAL MUSIC VIDEO),https://www.youtube.com/watch?v=Cpc1akSzjPY&list=PLblHf1C6WdiEqI0RcPhlOZ2WscZEHzUah&index=378,ROMANCEPLANET,2025-08-24 17:39:18,2025-07-11 07:00:06,False
HBz x FiNCH x 2 Engel & Charlie - KEIN IDOL (Official Lyric Video),https://www.youtube.com/watch?v=ZQoQV2P_EuA&list=PLblHf1C6WdiEqI0RcPhlOZ2WscZEHzUah&index=377,HBz,2025-08-24 17:59:03,2025-08-10 16:00:11,False
Crypton x Illuszion x CODA – ON THE FLOOR [Uptempo / Euphoric Hardcore],https://www.youtube.com/watch?v=aCKAgNSw6TE&list=PLblHf1C6WdiEqI0RcPhlOZ2WscZEHzUah&index=376,Crypton,2025-08-24 18:01:33,2025-08-22 16:00:00,False
Dvastate - Run The Night | Official Hardstyle Visualizer,https://www.youtube.com/watch?v=wskexl9chGU&list=PLblHf1C6WdiEqI0RcPhlOZ2WscZEHzUah&index=375,Scantraxx,2025-08-27 11:27:55,2025-08-27 07:00:50,False
D-Sturb & Aversion - Alive 2Nite | Defqon.1 Records,https://www.youtube.com/watch?v=GuOhRzIeChs&list=PLblHf1C6WdiEqI0RcPhlOZ2WscZEHzUah&index=374,Q-dance Music,2025-08-27 17:09:44,2025-08-27 17:00:06,False
L'AMOUR TOUJOURS (Radera Uptempo REMIX) - GIGI D'AGOSTINO,https://www.youtube.com/watch?v=ZyeoqrNhqhU&list=PLblHf1C6WdiEqI0RcPhlOZ2WscZEHzUah&index=373,25benja,2025-08-28 15:07:11,2025-08-28 13:23:44,False
Afraid of my Heart (Basslouder Remix) (Edit),https://www.youtube.com/watch?v=fed1zllawyI&list=PLblHf1C6WdiEqI0RcPhlOZ2WscZEHzUah&index=372,The Suspect - Topic,2025-08-28 15:59:11,2018-06-08 14:31:18,False
[Hands Up Music] Andy aka Energy x Tale & Dutch - Firefighters (DJ THT Remix Edit),https://www.youtube.com/watch?v=0LpQ3d5HeSY&list=PLblHf1C6WdiEqI0RcPhlOZ2WscZEHzUah&index=371,toughstuffmusictv,2025-08-28 16:01:57,2017-05-31 16:00:35,False
Hard Driver - All Good Things (Come To An End) (Official Hardcore Clip),https://www.youtube.com/watch?v=jZHS3wEuUL4&list=PLblHf1C6WdiEqI0RcPhlOZ2WscZEHzUah&index=370,Dirty Workz,2025-08-28 17:20:39,2025-08-28 10:00:07,False
Krowdexx & TOZA - HARDSTYLE IS BACK (Official Videoclip),https://www.youtube.com/watch?v=nieAxY5uDfs&list=PLblHf1C6WdiEqI0RcPhlOZ2WscZEHzUah&index=369,Aggressive Records,2025-08-28 17:41:44,2025-08-28 17:00:07,False
Ecstatic - Test The Underground (Official Hardstyle Visualizer),https://www.youtube.com/watch?v=JSeO5e4nI_E&list=PLblHf1C6WdiEqI0RcPhlOZ2WscZEHzUah&index=368,Dirty Workz,2025-08-28 17:57:08,2025-08-28 17:00:32,False
HARRIS & FORD x NAJA - DAY AFTER DAY (Official Lyrics Video),https://www.youtube.com/watch?v=-2Wmzp0TaYw&list=PLblHf1C6WdiEqI0RcPhlOZ2WscZEHzUah&index=367,Harris & Ford,2025-08-29 16:22:25,2025-08-29 10:05:36,False
Da Tweekaz & Groove Coverage - Million Tears (Official Hardstyle Video),https://www.youtube.com/watch?v=nFLSejlai10&list=PLblHf1C6WdiEqI0RcPhlOZ2WscZEHzUah&index=366,Dirty Workz,2025-08-29 16:39:32,2025-08-29 10:00:06,False
B MY LVR,https://www.youtube.com/watch?v=fmtkpymTQ_U&list=PLblHf1C6WdiEqI0RcPhlOZ2WscZEHzUah&index=365,KAMI - Topic,2025-08-31 17:04:40,2024-02-13 10:01:04,False
Firelite - Dance Generation (Official Video),https://www.youtube.com/watch?v=N93-b9EdkV4&list=PLblHf1C6WdiEqI0RcPhlOZ2WscZEHzUah&index=364,Dirty Workz,2025-09-06 08:49:42,2021-02-09 10:00:15,False
NDS vs Tom E - In these days (Pete G & Jim Noize Radio Edit),https://www.youtube.com/watch?v=XEU9kMXEbDQ&list=PLblHf1C6WdiEqI0RcPhlOZ2WscZEHzUah&index=363,Jim Noize,2025-09-06 10:51:52,2011-05-09 12:11:37,False
DEEZL & D-Charged - END OF THE STORY (Official Hardstyle Visualizer),https://www.youtube.com/watch?v=tcyUn8gQ7KY&list=PLblHf1C6WdiEqI0RcPhlOZ2WscZEHzUah&index=362,Dirty Workz,2025-09-11 17:23:15,2025-09-11 17:01:20,False
Anamorphic - Good Time | Official Hardstyle Visualizer,https://www.youtube.com/watch?v=141TJWB_x3I&list=PLblHf1C6WdiEqI0RcPhlOZ2WscZEHzUah&index=361,Scantraxx,2025-09-12 16:22:31,2025-09-12 12:00:04,False
D-Block & S-te-Fan x DJ Isaac - Berlin (Official videoclip),https://www.youtube.com/watch?v=uhCmsit5aLA&list=PLblHf1C6WdiEqI0RcPhlOZ2WscZEHzUah&index=360,Q-dance Music,2025-09-16 15:55:37,2025-09-04 18:00:06,False
Rebelion & TOZA - ZAAG 'N' NIGHT (Official Hardstyle Video),https://www.youtube.com/watch?v=7Lk0a5-zrR4&list=PLblHf1C6WdiEqI0RcPhlOZ2WscZEHzUah&index=359,Dirty Workz,2025-09-18 15:27:47,2025-09-18 10:00:07,False
Levenkhan & D'ort - LOOK AT ME NOW (ONE BLADE) (Official Videoclip),https://www.youtube.com/watch?v=fHqPHCALcMk&list=PLblHf1C6WdiEqI0RcPhlOZ2WscZEHzUah&index=358,Aggressive Records,2025-09-18 17:44:46,2025-09-18 17:00:07,False
Galactixx & B-Front ft. MC Synergy - My History | Q-dance Records,https://www.youtube.com/watch?v=kKXsz5rdR-s&list=PLblHf1C6WdiEqI0RcPhlOZ2WscZEHzUah&index=357,Q-dance Music,2025-09-19 16:57:33,2025-09-19 13:34:44,False
Horyzon & Amitav - In My Dreams (Official Hardstyle Visualizer),https://www.youtube.com/watch?v=2HXWMFI7vW4&list=PLblHf1C6WdiEqI0RcPhlOZ2WscZEHzUah&index=356,Dirty Workz,2025-09-19 19:34:28,2025-09-19 15:13:39,False
Primeshock ft. CODA - LIFEH4CK (Official Hardstyle Videoclip),https://www.youtube.com/watch?v=O83Ekti76iY&list=PLblHf1C6WdiEqI0RcPhlOZ2WscZEHzUah&index=355,Dirty Workz,2025-09-24 13:33:40,2025-02-27 18:00:07,False
Tream - HERZ MACHT BAMM (Official Video),https://www.youtube.com/watch?v=uCdLL9OH9mA&list=PLblHf1C6WdiEqI0RcPhlOZ2WscZEHzUah&index=354,Tream,2025-09-24 17:27:05,2024-02-08 19:00:08,False
Krowdexx - WE THE LOUDEST (Official Videoclip),https://www.youtube.com/watch?v=YzyNkFTJx24&list=PLblHf1C6WdiEqI0RcPhlOZ2WscZEHzUah&index=353,Aggressive Records,2025-09-24 17:32:07,2025-09-24 17:00:06,False
LUNAX x Blümchen - Anders Ist Gut (Official Video),https://www.youtube.com/watch?v=qvmSZkrHKV4&list=PLblHf1C6WdiEqI0RcPhlOZ2WscZEHzUah&index=352,LUNAX,2025-09-25 15:19:05,2025-09-24 18:59:06,False
Endymion - Battlecry (Official Videoclip),https://www.youtube.com/watch?v=egtA6dSlAg0&list=PLblHf1C6WdiEqI0RcPhlOZ2WscZEHzUah&index=351,Endymion,2025-09-25 15:58:51,2025-09-24 22:00:58,False
B-Frontliner - We Will Never Leave | Official Hardstyle Visualizer,https://www.youtube.com/watch?v=RNP0zxtlSH0&list=PLblHf1C6WdiEqI0RcPhlOZ2WscZEHzUah&index=350,Scantraxx,2025-09-26 16:32:03,2025-09-25 08:00:34,False
"Audiofreq, E-life & Stephanie Magic - Time To Push It (Warrior Workout 2025 OST) | Defqon.1 Records",https://www.youtube.com/watch?v=udZhJHcxpqY&list=PLblHf1C6WdiEqI0RcPhlOZ2WscZEHzUah&index=349,Q-dance Music,2025-09-27 08:37:30,2025-06-06 09:00:06,False
Bassbrain & Maxtreme - Raveship (Official Hardstyle Clip),https://www.youtube.com/watch?v=vKBCS3eg4ho&list=PLblHf1C6WdiEqI0RcPhlOZ2WscZEHzUah&index=348,Dirty Workz,2025-09-30 17:29:21,2025-09-30 17:01:26,False
Audiofreq - Fragments (Official Hardstyle Video),https://www.youtube.com/watch?v=Wqomf2uJwYI&list=PLblHf1C6WdiEqI0RcPhlOZ2WscZEHzUah&index=347,Dirty Workz,2025-10-02 04:06:37,2025-10-01 10:11:31,False
KELTEK & ERABREAK - Stone Heart | Official Hardstyle Video,https://www.youtube.com/watch?v=6RO22UBDLoc&list=PLblHf1C6WdiEqI0RcPhlOZ2WscZEHzUah&index=346,Scantraxx,2025-10-02 17:22:34,2025-10-02 15:00:11,False
GPF x Dr Donk - Piep Caroline (Official Video),https://www.youtube.com/watch?v=Y5ZaL7ilq70&list=PLblHf1C6WdiEqI0RcPhlOZ2WscZEHzUah&index=345,GPF,2025-10-02 17:30:08,2025-10-02 17:00:44,False
Brace For Impact,https://www.youtube.com/watch?v=hw29F7UmuvY&list=PLblHf1C6WdiEqI0RcPhlOZ2WscZEHzUah&index=344,Hardwell - Topic,2025-10-03 10:17:03,2025-10-02 10:01:13,False
Vertile & Dual Damage - Inferno (Official Videoclip),https://www.youtube.com/watch?v=zJQ1jhKanuo&list=PLblHf1C6WdiEqI0RcPhlOZ2WscZEHzUah&index=343,Vertile,2025-10-04 17:30:56,2025-05-22 14:00:46,False
Dual Damage Ft. MC Activate - Unbreakable,https://www.youtube.com/watch?v=ZTuQrmkd5Yk&list=PLblHf1C6WdiEqI0RcPhlOZ2WscZEHzUah&index=342,Ravage Records,2025-10-04 18:24:48,2023-10-12 13:34:20,False
Primeshock - Turn Back Time (Official Hardstyle Video),https://www.youtube.com/watch?v=zb9tsUn7jaE&list=PLblHf1C6WdiEqI0RcPhlOZ2WscZEHzUah&index=341,Dirty Workz,2025-10-04 18:28:25,2023-11-10 11:00:09,False
Da Tweekaz - Golden (Official Visualizer),https://www.youtube.com/watch?v=jw14a08aHBo&list=PLblHf1C6WdiEqI0RcPhlOZ2WscZEHzUah&index=340,Dirty Workz,2025-10-04 19:13:26,2025-09-12 10:01:23,False
LUNAX x Heleen - Rave (All I Want) (Official Video),https://www.youtube.com/watch?v=4mAPwspoh78&list=PLblHf1C6WdiEqI0RcPhlOZ2WscZEHzUah&index=339,LUNAX,2025-10-06 17:52:14,2024-07-19 10:00:05,False
Nightcraft & RVAGE - You & Me | Official Hardstyle Visualizer,https://www.youtube.com/watch?v=5JvQrdNY_S0&list=PLblHf1C6WdiEqI0RcPhlOZ2WscZEHzUah&index=338,Scantraxx,2025-10-06 18:31:15,2025-04-04 11:00:06,False
ERABREAK - Scream Louder | Official Hardstyle Visualizer,https://www.youtube.com/watch?v=3_QDXW8K-w0&list=PLblHf1C6WdiEqI0RcPhlOZ2WscZEHzUah&index=337,Scantraxx,2025-10-06 18:38:52,2025-09-04 07:00:03,False
Pulsedriver & Ole van Dansk - Move For Freedom,https://www.youtube.com/watch?v=PEZNKvete9c&list=PLblHf1C6WdiEqI0RcPhlOZ2WscZEHzUah&index=336,AqualoopTV,2025-10-07 17:47:55,2015-03-11 00:00:01,False
Scooter - The Night (Official Video),https://www.youtube.com/watch?v=3_mpk6NtX3o&list=PLblHf1C6WdiEqI0RcPhlOZ2WscZEHzUah&index=335,Scooter,2025-10-07 17:48:18,2014-01-23 11:54:32,False
Atze seit Tag 1 (DJ Dorfatze & DJ Tallboy Edit),https://www.youtube.com/watch?v=EogL7AwqX98&list=PLblHf1C6WdiEqI0RcPhlOZ2WscZEHzUah&index=334,Filow - Topic,2025-10-07 17:49:50,2025-05-22 10:03:03,False
Adaro - Catch The Thunder (official videoclip) [OUT NOW],https://www.youtube.com/watch?v=fjAxQZT3r7U&list=PLblHf1C6WdiEqI0RcPhlOZ2WscZEHzUah&index=333,REBiRTH Festival,2025-10-07 17:54:39,2025-06-05 15:01:13,False
Brennan Heart & Warface - Sacrifice (ft. Max P) (Official Video),https://www.youtube.com/watch?v=UIfF9-sT7o4&list=PLblHf1C6WdiEqI0RcPhlOZ2WscZEHzUah&index=332,I AM HARDSTYLE,2025-10-07 17:54:47,2022-06-09 14:00:12,False
Oxygen,https://www.youtube.com/watch?v=VAocMZvbC0U&list=PLblHf1C6WdiEqI0RcPhlOZ2WscZEHzUah&index=331,Harris & Ford - Topic,2025-10-07 17:54:56,2023-12-14 10:03:48,False
Galactixx - Echoes Of Tomorrow (Official Music Video),https://www.youtube.com/watch?v=kHyptVSsPNs&list=PLblHf1C6WdiEqI0RcPhlOZ2WscZEHzUah&index=330,Q-dance Music,2025-10-09 16:23:05,2025-10-09 12:00:06,False
The Purge - BAD GIRLS (Official Hardstyle Video),https://www.youtube.com/watch?v=oVdeJI0RBvk&list=PLblHf1C6WdiEqI0RcPhlOZ2WscZEHzUah&index=329,Dirty Workz,2025-10-10 17:18:37,2025-10-10 13:00:07,False
Vertile - 2008 (official videoclip),https://www.youtube.com/watch?v=u9spYfEQejc&list=PLblHf1C6WdiEqI0RcPhlOZ2WscZEHzUah&index=328,Vertile,2025-10-10 17:22:48,2025-10-10 15:01:45,False
Dr. Peacock & Anamorphic - Trip to Kyoto,https://www.youtube.com/watch?v=xsorad6fOH8&list=PLblHf1C6WdiEqI0RcPhlOZ2WscZEHzUah&index=327,Dr. Peacock,2025-10-11 13:05:32,2025-10-02 16:00:06,False
Tream x 2 Engel & Charlie - Deine Augen (Official Video),https://www.youtube.com/watch?v=5sTb-PSiRW8&list=PLblHf1C6WdiEqI0RcPhlOZ2WscZEHzUah&index=326,Tream,2025-10-14 08:43:48,2023-07-13 21:58:11,False
FiNCH x TAREK K.I.Z - Onkelz Poster (prod. Dasmo & Mania Music) - 4K,https://www.youtube.com/watch?v=v0Xh9M4s4_w&list=PLblHf1C6WdiEqI0RcPhlOZ2WscZEHzUah&index=325,FiNCH,2025-10-14 09:32:44,2020-11-12 23:00:10,False
Bass Modulators - Music Is My Life (Envine Remix) | Official Hardstyle Visualizer,https://www.youtube.com/watch?v=JCIJvAG4ugM&list=PLblHf1C6WdiEqI0RcPhlOZ2WscZEHzUah&index=324,Scantraxx,2025-10-16 09:50:08,2025-10-16 08:00:15,False
Andy The Core & Frenchkillerz  - Kokoro No Oku,https://www.youtube.com/watch?v=BVMF-nkjfjA&list=PLblHf1C6WdiEqI0RcPhlOZ2WscZEHzUah&index=323,Andy The Core,2025-10-16 12:40:53,2025-10-11 09:43:01,False
Bauchnabelpiercing (Remix),https://www.youtube.com/watch?v=VmXFrTZnhug&list=PLblHf1C6WdiEqI0RcPhlOZ2WscZEHzUah&index=322,$ONO$ CLIQ - Topic,2025-10-16 12:51:31,2024-07-11 10:01:42,False
@darrenstylesuk  ft. Meryll - So High (Advanced Dealer EDIT) [FREE DL],https://www.youtube.com/watch?v=2pdtBW1LI7U&list=PLblHf1C6WdiEqI0RcPhlOZ2WscZEHzUah&index=321,Advanced Dealer,2025-10-17 07:46:34,2025-10-09 09:21:21,False
Hysta & Advanced Dealer - Atlantic,https://www.youtube.com/watch?v=Uc7AKmfdHiU&list=PLblHf1C6WdiEqI0RcPhlOZ2WscZEHzUah&index=320,Rapture Records,2025-10-17 08:13:55,2021-08-20 04:00:31,False
Old Jim - MONSTAZ,https://www.youtube.com/watch?v=He4ByB9A2xw&list=PLblHf1C6WdiEqI0RcPhlOZ2WscZEHzUah&index=319,Kontor.TV,2025-10-17 10:13:43,2025-07-18 16:00:23,False
D-Block & S-te-Fan x Ran-D - Shivers (Official Music Video),https://www.youtube.com/watch?v=kT4OhVnLE0I&list=PLblHf1C6WdiEqI0RcPhlOZ2WscZEHzUah&index=318,Q-dance Music,2025-10-17 10:19:23,2025-10-17 08:00:06,False
Odium - Take Me Back (To That Summer) [Hard Mix] - Official Lyric Music VIdeo,https://www.youtube.com/watch?v=SZs4RvCdFNs&list=PLblHf1C6WdiEqI0RcPhlOZ2WscZEHzUah&index=317,odium,2025-10-17 10:28:00,2025-10-16 22:00:06,False
Ecstatic - The Essence (Official Hardstyle Visualizer),https://www.youtube.com/watch?v=SPHNYrHA7oc&list=PLblHf1C6WdiEqI0RcPhlOZ2WscZEHzUah&index=316,Dirty Workz,2025-10-17 15:42:12,2025-10-17 15:00:51,False
HARRIS & FORD x VIVI MINU - HEILIGENSCHEIN (OFFICIAL VIDEO),https://www.youtube.com/watch?v=8157_1oAFgE&list=PLblHf1C6WdiEqI0RcPhlOZ2WscZEHzUah&index=315,Harris & Ford,2025-10-17 15:44:16,2025-10-17 11:39:11,False
Jasmin Wagner x 2 Engel & Charlie - Magnet (Official Lyric Video),https://www.youtube.com/watch?v=HQsGtNxh_Vw&list=PLblHf1C6WdiEqI0RcPhlOZ2WscZEHzUah&index=314,Blümchen / Jasmin Wagner,2025-10-23 18:08:19,2025-10-22 14:13:15,False
"Zatox, JAZZY & Jowi - FILTH | Official video",https://www.youtube.com/watch?v=gtoN-I0pxGs&list=PLblHf1C6WdiEqI0RcPhlOZ2WscZEHzUah&index=313,Scantraxx,2025-10-24 15:55:19,2025-10-24 14:18:28,False
Sickmode & Krowdexx x Levenkhan - WHAT THA HELLY (SOMEONE CALL THE AMBULANCE) (Official Short Film),https://www.youtube.com/watch?v=qguq_kDUzxU&list=PLblHf1C6WdiEqI0RcPhlOZ2WscZEHzUah&index=312,Aggressive Records,2025-10-24 18:31:45,2025-10-16 17:00:07,False
Mess Of My Creation,https://www.youtube.com/watch?v=i5-bAEAhU9o&list=PLblHf1C6WdiEqI0RcPhlOZ2WscZEHzUah&index=311,"Phuture Noize, Aversion - Topic",2025-10-24 18:35:10,2025-10-16 16:22:35,False
Forever Lost,https://www.youtube.com/watch?v=EfhfhxDkzWY&list=PLblHf1C6WdiEqI0RcPhlOZ2WscZEHzUah&index=310,Release - Topic,2025-10-25 15:01:17,2025-09-09 09:25:56,False
Who Is She,https://www.youtube.com/watch?v=mvQykl5x9oM&list=PLblHf1C6WdiEqI0RcPhlOZ2WscZEHzUah&index=309,Phuture Noize - Topic,2025-10-25 16:04:06,2025-06-19 09:49:21,False
The Dark Horror & Mind Compressor - One Desire,https://www.youtube.com/watch?v=imHSlK9LKR4&list=PLblHf1C6WdiEqI0RcPhlOZ2WscZEHzUah&index=308,The Dark Horror,2025-10-26 08:43:19,2025-03-31 23:35:22,False
Ausgehn Abgehn Eskaliern - Anstandslos & Durchgeknallt,https://www.youtube.com/watch?v=VQ7SU8DMQng&list=PLblHf1C6WdiEqI0RcPhlOZ2WscZEHzUah&index=307,Anstandslos & Durchgeknallt,2025-10-26 11:43:29,2025-07-31 22:00:06,False
Thunder,https://www.youtube.com/watch?v=LYK-eiulirI&list=PLblHf1C6WdiEqI0RcPhlOZ2WscZEHzUah&index=306,DJ Mortal Kombat - Topic,2025-10-26 15:30:17,2025-06-23 20:38:23,False
"GPF, DJ Gollum, BassWar & CaoX - I Want It That Way (Uptempo) [Official Video]",https://www.youtube.com/watch?v=D76-kPoB618&list=PLblHf1C6WdiEqI0RcPhlOZ2WscZEHzUah&index=305,BassWar & CaoX,2025-10-27 18:53:21,2025-10-24 14:00:06,False
Lowriderz & Sylver - Turn The Tide Revisited (Official Hardstyle Video),https://www.youtube.com/watch?v=7x5YI7Pt0eI&list=PLblHf1C6WdiEqI0RcPhlOZ2WscZEHzUah&index=304,Dirty Workz,2025-10-27 18:58:44,2023-04-14 10:00:12,False
The Infamous - How Do You Do,https://www.youtube.com/watch?v=fGPAN2PARfI&list=PLblHf1C6WdiEqI0RcPhlOZ2WscZEHzUah&index=303,Actuation,2025-10-28 09:34:29,2025-09-19 10:51:32,False
Wonderful,https://www.youtube.com/watch?v=VAiLMEteLnA&list=PLblHf1C6WdiEqI0RcPhlOZ2WscZEHzUah&index=301,Lasgo - Topic,2025-10-30 05:40:43,2025-10-23 10:05:41,False
MISH - IN MY HEAD (Official Videoclip),https://www.youtube.com/watch?v=zcQLZbjgqNE&list=PLblHf1C6WdiEqI0RcPhlOZ2WscZEHzUah&index=300,Aggressive Records,2025-10-30 13:01:25,2025-10-30 09:01:29,False
Dual Damage & Villain - Soundwaves (Official Video),https://www.youtube.com/watch?v=9mI8pD9jpao&list=PLblHf1C6WdiEqI0RcPhlOZ2WscZEHzUah&index=299,Ravage Records,2025-10-30 18:22:49,2025-10-30 16:00:30,False
Devin Wild - Dance With Madness | Official Hardstyle Visualizer,https://www.youtube.com/watch?v=oH_GjPWISv8&list=PLblHf1C6WdiEqI0RcPhlOZ2WscZEHzUah&index=298,Scantraxx,2025-10-31 12:59:41,2025-10-31 12:01:43,False
Lady Faith - Ground Shake | Official Hardstyle Visualizer,https://www.youtube.com/watch?v=-W6PQfoEtFg&list=PLblHf1C6WdiEqI0RcPhlOZ2WscZEHzUah&index=297,Scantraxx,2025-11-02 20:01:31,2025-02-28 11:00:00,False
Burn The Evidence,https://www.youtube.com/watch?v=s9iEbG4FLwQ&list=PLblHf1C6WdiEqI0RcPhlOZ2WscZEHzUah&index=296,"Phuture Noize, Devin Wild - Topic",2025-11-04 20:02:57,2025-09-26 10:57:36,False
Revizion - Gold (Official Video),https://www.youtube.com/watch?v=xmap__otn2g&list=PLblHf1C6WdiEqI0RcPhlOZ2WscZEHzUah&index=295,Theracords,2025-11-05 19:54:15,2025-11-05 16:01:37,False
The Purge & D-Charged - Sunrise (Official Music Video),https://www.youtube.com/watch?v=ABYrxMXXtXU&list=PLblHf1C6WdiEqI0RcPhlOZ2WscZEHzUah&index=294,Q-dance Music,2025-11-06 16:04:04,2025-11-06 09:00:15,False
Krowdexx & Hard Driver - ON A MISSION (Official Videoclip),https://www.youtube.com/watch?v=nFi-yM0sMVU&list=PLblHf1C6WdiEqI0RcPhlOZ2WscZEHzUah&index=293,Aggressive Records,2025-11-06 17:29:16,2025-11-06 09:01:22,False
Kronos & Hysta - Monster (Official Music Video),https://www.youtube.com/watch?v=ajTBR0-G22U&list=PLblHf1C6WdiEqI0RcPhlOZ2WscZEHzUah&index=292,Q-dance Music,2025-11-07 10:32:33,2025-11-07 09:00:04,False
Riot Shift x Noiseflow - ON REWIND (Official Videoclip),https://www.youtube.com/watch?v=ML76l6-sCmc&list=PLblHf1C6WdiEqI0RcPhlOZ2WscZEHzUah&index=291,Aggressive Records,2025-11-07 10:34:34,2025-11-07 09:00:42,False
Endymion - Hype The Funk,https://www.youtube.com/watch?v=_Oh_vkAkF8A&list=PLblHf1C6WdiEqI0RcPhlOZ2WscZEHzUah&index=290,Endymion,2025-11-07 10:41:19,2025-11-06 23:00:54,False
Ghost Stories (D-Block & S-te-Fan) - Felt The Ghost | Official Hardstyle Videoclip,https://www.youtube.com/watch?v=F2od49ptwC4&list=PLblHf1C6WdiEqI0RcPhlOZ2WscZEHzUah&index=289,Scantraxx,2025-11-07 12:03:54,2025-11-07 12:00:06,False
HARRIS & FORD x OUTSIDERS x DJ E-MAXX - HARDCORE JNKY (OFFICIAL VIDEO 4K),https://www.youtube.com/watch?v=Rb5Cbq-9X70&list=PLblHf1C6WdiEqI0RcPhlOZ2WscZEHzUah&index=288,Harris & Ford,2025-11-07 12:21:29,2025-11-07 11:09:00,False
Atmozfears & Toneshifterz - Illusion | Q-dance Records,https://www.youtube.com/watch?v=YPgHgIxtlJ0&list=PLblHf1C6WdiEqI0RcPhlOZ2WscZEHzUah&index=287,Q-dance Music,2025-11-09 11:28:35,2023-06-02 14:36:51,False
HYSTA - TILL I DIE 🐺 (OFFICIAL MUSIC VIDEO),https://www.youtube.com/watch?v=hq_tP9OdjYw&list=PLblHf1C6WdiEqI0RcPhlOZ2WscZEHzUah&index=286,Hysta Official,2025-11-12 17:06:42,2025-10-02 17:00:06,False
Vexxed - Silver Sky (Official Hardstyle Video),https://www.youtube.com/watch?v=j0N9k5uV5cg&list=PLblHf1C6WdiEqI0RcPhlOZ2WscZEHzUah&index=285,Dirty Workz,2025-11-12 18:17:41,2025-10-23 17:01:04,False
Lilly Palmer - TECHY MF (Visualizer),https://www.youtube.com/watch?v=LuBgmio64nY&list=PLblHf1C6WdiEqI0RcPhlOZ2WscZEHzUah&index=284,Kontor.TV,2025-11-12 19:11:40,2025-09-25 22:00:34,False
Miss K8 - Midnight Rain (Official Videoclip),https://www.youtube.com/watch?v=JJed7DgG3CQ&list=PLblHf1C6WdiEqI0RcPhlOZ2WscZEHzUah&index=283,Miss K8,2025-11-13 18:48:32,2025-11-13 18:00:07,False
Tream x Gzuz  - APRES SKI,https://www.youtube.com/watch?v=bmplmN9FtVE&list=PLblHf1C6WdiEqI0RcPhlOZ2WscZEHzUah&index=281,Tream,2025-11-14 17:01:59,2025-11-13 22:59:07,False
Levenkhan & Dr Donk - WE DONT PLAY (Official Videoclip),https://www.youtube.com/watch?v=X0_Or603H8k&list=PLblHf1C6WdiEqI0RcPhlOZ2WscZEHzUah&index=280,Aggressive Records,2025-11-14 17:05:12,2025-11-14 09:00:07,False
KrawallBeats - Dicke Böller (Never Stop Remix),https://www.youtube.com/watch?v=WOLV6sF_2Ug&list=PLblHf1C6WdiEqI0RcPhlOZ2WscZEHzUah&index=279,KrawallBeats ,2025-11-14 17:34:16,2025-11-06 13:56:02,False
LET'S GO,https://www.youtube.com/watch?v=yd4EFhMuF4I&list=PLblHf1C6WdiEqI0RcPhlOZ2WscZEHzUah&index=278,KX CHR - Topic,2025-11-14 18:09:45,2024-10-24 10:04:35,False
Rebelion - Serenity (Official Audio),https://www.youtube.com/watch?v=JbvsXVP2264&list=PLblHf1C6WdiEqI0RcPhlOZ2WscZEHzUah&index=277,Acid Reign,2025-11-16 18:47:10,2025-11-16 17:00:27,False
Zatox - Dirty Numb,https://www.youtube.com/watch?v=NWvx2iLnIPs&list=PLblHf1C6WdiEqI0RcPhlOZ2WscZEHzUah&index=276,Zatox,2025-11-17 12:01:11,2025-11-17 11:41:17,False
Psyko Punkz & Korsakoff - Unstoppable  (Official Videoclip),https://www.youtube.com/watch?v=3uVQ8qy606U&list=PLblHf1C6WdiEqI0RcPhlOZ2WscZEHzUah&index=275,Masters of Hardcore,2025-11-19 17:14:53,2025-11-19 16:00:07,False
Sound Rush & HBz - Coco Jamboo (Official Music Video),https://www.youtube.com/watch?v=yIzq5OMXU60&list=PLblHf1C6WdiEqI0RcPhlOZ2WscZEHzUah&index=274,Q-dance Music,2025-11-20 10:02:15,2025-11-20 09:01:37,False
Pie Star & Cyndi - Take Me Away,https://www.youtube.com/watch?v=Qd_mUUZGdo0&list=PLblHf1C6WdiEqI0RcPhlOZ2WscZEHzUah&index=273,Q-dance Music,2025-11-20 14:52:17,2025-11-19 16:00:45,False
Rooler - ANNOYING MUSIC (Official Video),https://www.youtube.com/watch?v=7RXRLeOG2hQ&list=PLblHf1C6WdiEqI0RcPhlOZ2WscZEHzUah&index=272,Aggressive Records,2025-11-21 09:49:09,2025-11-21 09:00:07,False
GPF & Yoshiko - Golden (Karaoke Video),https://www.youtube.com/watch?v=3CSK3TLCUkM&list=PLblHf1C6WdiEqI0RcPhlOZ2WscZEHzUah&index=271,GPF,2025-11-23 07:08:54,2025-11-21 15:00:05,False
Rebelion - Come Together (Official Audio),https://www.youtube.com/watch?v=yy_quyENxEE&list=PLblHf1C6WdiEqI0RcPhlOZ2WscZEHzUah&index=270,Acid Reign,2025-11-23 11:32:38,2025-11-23 11:02:01,False
Another Day In Paradise (feat. Fab) (Massmann vs Ippytraxx) (Radio Mix),https://www.youtube.com/watch?v=W7hYdeDZEwE&list=PLblHf1C6WdiEqI0RcPhlOZ2WscZEHzUah&index=269,Massmann - Topic,2025-11-23 17:45:59,2020-03-26 02:12:11,False
Rebelion - Beyond the Horizon (Official Hardstyle Video),https://www.youtube.com/watch?v=NoG5Z8PVsJs&list=PLblHf1C6WdiEqI0RcPhlOZ2WscZEHzUah&index=268,Dirty Workz,2025-11-24 16:43:57,2025-11-14 11:00:49,False
Twisted Melodiez - Listen To My Heart | Hardstyle Visualizer,https://www.youtube.com/watch?v=1Cuej2Lw-Us&list=PLblHf1C6WdiEqI0RcPhlOZ2WscZEHzUah&index=267,Scantraxx Prospexx,2025-11-25 10:28:10,2025-11-25 09:00:04,False
Ducal - Universe | Hardstyle Video,https://www.youtube.com/watch?v=YbIGCEg2hfE&list=PLblHf1C6WdiEqI0RcPhlOZ2WscZEHzUah&index=266,Scantraxx Prospexx,2025-11-25 11:32:47,2025-08-19 06:00:23,False
Bass Modulators ft. Diandra Faye - Final Call | Official Hardstyle Videoclip,https://www.youtube.com/watch?v=6cvh1ozkdbE&list=PLblHf1C6WdiEqI0RcPhlOZ2WscZEHzUah&index=265,Scantraxx,2025-11-27 16:02:09,2025-11-27 10:00:11,False
Devin Wild - Silent (Left The System) | Official Hardstyle Videoclip,https://www.youtube.com/watch?v=KbwKutqTf-I&list=PLblHf1C6WdiEqI0RcPhlOZ2WscZEHzUah&index=264,Scantraxx,2025-11-27 18:51:57,2025-11-27 18:00:22,False
Counting Down The Days (Cascada Radio Edit),https://www.youtube.com/watch?v=3oeRmjLCKlQ&list=PLblHf1C6WdiEqI0RcPhlOZ2WscZEHzUah&index=263,ItaloBrothers - Topic,2025-11-28 18:30:05,2018-07-09 08:27:21,False
Dj Phil Ty - A Kay A,https://www.youtube.com/watch?v=GgfpZ1bN41A&list=PLblHf1C6WdiEqI0RcPhlOZ2WscZEHzUah&index=262,Piterrrxd,2025-11-29 20:37:44,2012-01-27 21:12:09,False
ANACONDA - SOUND OF LOVE (PA PA PA),https://www.youtube.com/watch?v=7IlI7PpOIfE&list=PLblHf1C6WdiEqI0RcPhlOZ2WscZEHzUah&index=261,MegaANTONYDJ,2025-11-30 09:35:15,2010-07-09 23:15:07,False
Project One - The Upside Down (Official Video),https://www.youtube.com/watch?v=Eh9QMSJLItU&list=PLblHf1C6WdiEqI0RcPhlOZ2WscZEHzUah&index=260,Art of Creation,2025-11-30 12:36:06,2025-11-27 23:00:30,False
Da Tweekaz - Bleeding Heart (Official Hardstyle Video),https://www.youtube.com/watch?v=OY41MlZo9Aw&list=PLblHf1C6WdiEqI0RcPhlOZ2WscZEHzUah&index=259,Dirty Workz,2025-12-04 08:52:23,2025-11-28 11:00:06,False
Bassbrain - Where The Party At (Official Hardstyle Clip),https://www.youtube.com/watch?v=TA2RdN0elIk&list=PLblHf1C6WdiEqI0RcPhlOZ2WscZEHzUah&index=258,Dirty Workz,2025-12-04 15:57:41,2025-12-03 11:00:59,False
"LIZOT, Sonny Wern, 1 World, Dorrough Music - LA LA LA (Official Lyric Video)",https://www.youtube.com/watch?v=Nb7IGptQpMw&list=PLblHf1C6WdiEqI0RcPhlOZ2WscZEHzUah&index=257,LIZOT,2025-12-06 14:05:00,2025-11-27 12:00:49,False
Kato Feat. Jon - Turn The Lights Off [Official Video] HD,https://www.youtube.com/watch?v=FxDMMeWK1ZE&list=PLblHf1C6WdiEqI0RcPhlOZ2WscZEHzUah&index=256,Time Records,2025-12-10 17:35:22,2011-05-19 17:01:38,False
Miss K8 & AniMe - Legacy (Official Videoclip),https://www.youtube.com/watch?v=hcaBoW7Ocjk&list=PLblHf1C6WdiEqI0RcPhlOZ2WscZEHzUah&index=255,Masters of Hardcore,2025-12-12 18:27:00,2022-04-14 16:00:26,False
Namara - La Venganza (Official Masters of Hardcore Spain 2025 Anthem) (Official Videoclip),https://www.youtube.com/watch?v=uM51YRK8bvw&list=PLblHf1C6WdiEqI0RcPhlOZ2WscZEHzUah&index=254,Masters of Hardcore,2025-12-12 18:41:44,2025-12-11 16:00:07,False
Hallman - Supernovas,https://www.youtube.com/watch?v=LRRL96JSYvA&list=PLblHf1C6WdiEqI0RcPhlOZ2WscZEHzUah&index=253,Hallman,2025-12-14 15:52:50,2025-06-26 10:00:38,False
Just Pretend,https://www.youtube.com/watch?v=NQueuzSSsas&list=PLblHf1C6WdiEqI0RcPhlOZ2WscZEHzUah&index=252,Namára - Topic,2025-12-23 13:53:48,2025-02-12 10:03:51,False
Hysta & Ophidian - Falling Down (Official Videoclip),https://www.youtube.com/watch?v=C8wILnoF2fY&list=PLblHf1C6WdiEqI0RcPhlOZ2WscZEHzUah&index=251,Masters of Hardcore,2025-12-23 20:51:19,2025-05-16 11:06:07,False
TIM PLVNK x Richie Soda x Laserjimmy - Die Walze Wilma,https://www.youtube.com/watch?v=91HFVf_k6cw&list=PLblHf1C6WdiEqI0RcPhlOZ2WscZEHzUah&index=250,TimPLVNKVEVO,2025-12-28 11:47:07,2024-12-12 23:00:10,False
The Emptiness Machine (Official Music Video) - Linkin Park,https://www.youtube.com/watch?v=SRXH9AbT280&list=PLblHf1C6WdiEqI0RcPhlOZ2WscZEHzUah&index=249,Linkin Park,2025-12-30 06:27:32,2024-09-05 23:15:08,False
Starships (Live Edit),https://www.youtube.com/watch?v=0MGd2c_HS1I&list=PLblHf1C6WdiEqI0RcPhlOZ2WscZEHzUah&index=248,Lil Texas - Topic,2025-12-30 18:18:00,2025-07-31 10:00:01,False
Manifest Destiny & Akimbo - Out Of My Mind,https://www.youtube.com/watch?v=EGArixeiF_E&list=PLblHf1C6WdiEqI0RcPhlOZ2WscZEHzUah&index=247,Barbaric Records,2025-12-30 18:32:23,2025-07-25 07:18:06,False
Raik - ACID BALADE (Complex Remix) | Q-dance presents QORE,https://www.youtube.com/watch?v=IZNJYKEEoY0&list=PLblHf1C6WdiEqI0RcPhlOZ2WscZEHzUah&index=246,Q-dance Music,2025-12-30 18:35:53,2025-09-10 06:00:28,False
Herz auf Repeat - Anstandslos & Durchgeknallt x nils fie,https://www.youtube.com/watch?v=llLQquW012A&list=PLblHf1C6WdiEqI0RcPhlOZ2WscZEHzUah&index=245,Anstandslos & Durchgeknallt,2025-12-30 19:41:42,2025-10-11 07:00:06,False
DR. PEACOCK 🦚 ILLUSION OF TIME (HYSTA REMIX),https://www.youtube.com/watch?v=65b4unZsnY4&list=PLblHf1C6WdiEqI0RcPhlOZ2WscZEHzUah&index=244,Hysta Official,2026-01-01 11:24:33,2025-11-28 11:00:06,False
Linkin Park - The Emptiness Machine (GPF Remix) [Official AMV],https://www.youtube.com/watch?v=vKRZbSoDSEA&list=PLblHf1C6WdiEqI0RcPhlOZ2WscZEHzUah&index=243,GPF,2026-01-02 07:15:45,2025-03-13 16:01:11,False
2 Engel & Charlie - Freitag Nacht,https://www.youtube.com/watch?v=BR_onQTQQBU&list=PLblHf1C6WdiEqI0RcPhlOZ2WscZEHzUah&index=242,2 Engel & Charlie,2026-01-04 08:17:05,2025-11-13 23:00:11,False
Where Are You Now?,https://www.youtube.com/watch?v=WZRcLO0anmE&list=PLblHf1C6WdiEqI0RcPhlOZ2WscZEHzUah&index=241,Knitter&Fetze - Topic,2026-01-04 19:47:12,2025-12-25 10:04:37,False
Project B  – Eye Of The Storm (DJ Sequenza Mix) 2005,https://www.youtube.com/watch?v=vm2cmywHSKo&list=PLblHf1C6WdiEqI0RcPhlOZ2WscZEHzUah&index=240,Trance Forever Classics,2026-01-05 17:57:11,2022-09-01 21:10:12,False
Broken Element x Phrantic x Alee - Insomnia (Deutscher Krach Edit),https://www.youtube.com/watch?v=UsY-AIctH30&list=PLblHf1C6WdiEqI0RcPhlOZ2WscZEHzUah&index=239,BROKEN ELEMENT,2026-01-06 16:32:22,2026-01-06 15:34:34,False
ERABREAK & Revizion - ECHO | Official Hardstyle Visualizer,https://www.youtube.com/watch?v=7O6WEJRaako&list=PLblHf1C6WdiEqI0RcPhlOZ2WscZEHzUah&index=238,Scantraxx,2026-01-08 16:39:27,2026-01-07 23:00:10,False
Serzo - Hide & Seek (Official Music Video),https://www.youtube.com/watch?v=fznXwhNvT2Y&list=PLblHf1C6WdiEqI0RcPhlOZ2WscZEHzUah&index=237,Q-dance Music,2026-01-08 20:08:08,2026-01-08 10:01:09,False
Deetox – Not The End | Official Music Video,https://www.youtube.com/watch?v=HGVr2dPNOvA&list=PLblHf1C6WdiEqI0RcPhlOZ2WscZEHzUah&index=236,Deetox,2026-01-09 12:23:13,2026-01-09 11:35:41,False
Give & Take (Jens O. Vs. Ti-Mo Club Remix),https://www.youtube.com/watch?v=alpJpuv1h00&list=PLblHf1C6WdiEqI0RcPhlOZ2WscZEHzUah&index=235,Jens O. vs. Ti-Mo - Topic,2026-01-10 14:59:33,2014-05-02 06:44:11,False
TOZA ft Teal & MC Pez - SURGING SPARKS (Energy Festival 2026 Anthem) (Official Hardstyle Video),https://www.youtube.com/watch?v=8sqaSgD51JY&list=PLblHf1C6WdiEqI0RcPhlOZ2WscZEHzUah&index=234,Dirty Workz,2026-01-14 17:58:02,2026-01-08 11:00:07,False
Angerfist - Gathering Of Gods (Official Music Video),https://www.youtube.com/watch?v=G7w7R1Gg_EA&list=PLblHf1C6WdiEqI0RcPhlOZ2WscZEHzUah&index=233,Q-dance Music,2026-01-16 21:04:44,2026-01-16 09:00:29,False
Bass Modulators & Demi Kanon - Back 2 Euphoria | Official Hardstyle Videoclip,https://www.youtube.com/watch?v=F9hMX8WcPDo&list=PLblHf1C6WdiEqI0RcPhlOZ2WscZEHzUah&index=232,Scantraxx,2026-01-17 13:14:58,2026-01-16 10:00:23,False
"Aftershock, RØØTZ, Nathalie Blue – JUNGLE",https://www.youtube.com/watch?v=TuQ8ZD8t05k&list=PLblHf1C6WdiEqI0RcPhlOZ2WscZEHzUah&index=231,Aftershock,2026-01-20 18:08:22,2026-01-20 08:54:59,False
Broken Element - Watch Me Rise (Official Hardstyle Videoclip),https://www.youtube.com/watch?v=Rw_dic6ezc8&list=PLblHf1C6WdiEqI0RcPhlOZ2WscZEHzUah&index=230,BROKEN ELEMENT,2026-01-22 19:19:58,2026-01-22 16:30:06,False
"Reprobeater, BVBATZ & Swae Boy - Moi Lolita (ft. Ka Reem)[Techno Remix]",https://www.youtube.com/watch?v=jLgXW5bsF9U&list=PLblHf1C6WdiEqI0RcPhlOZ2WscZEHzUah&index=229,Future House Cloud,2026-01-29 15:58:25,2025-02-19 17:01:02,False
Until the End (Breakboy & Ced Tecknoboy Radio Edit),https://www.youtube.com/watch?v=DcNjTpaIPwQ&list=PLblHf1C6WdiEqI0RcPhlOZ2WscZEHzUah&index=228,Master Blaster - Topic,2026-01-29 17:23:32,2018-07-09 17:27:46,False
Cuts Like Ice (Hard3eat Remix),https://www.youtube.com/watch?v=SdXB33R_td8&list=PLblHf1C6WdiEqI0RcPhlOZ2WscZEHzUah&index=227,Aleeze - Topic,2026-01-29 18:42:26,2019-01-13 22:01:43,False
Bass Modulators - Oxygen (Hysta Remix) | Official Hardcore Videoclip,https://www.youtube.com/watch?v=EvHV_xqCn28&list=PLblHf1C6WdiEqI0RcPhlOZ2WscZEHzUah&index=226,Scantraxx,2026-01-29 18:53:05,2026-01-29 15:00:27,False
TOZA & Lil Texas - RECKLESS (Official Hardstyle Video),https://www.youtube.com/watch?v=kQdbQKc54HM&list=PLblHf1C6WdiEqI0RcPhlOZ2WscZEHzUah&index=225,Dirty Workz,2026-01-29 18:56:56,2026-01-29 18:01:01,False
Yoshiko & Dr Donk - Bubblegum (Official Videoclip),https://www.youtube.com/watch?v=tBrIa9Wslic&list=PLblHf1C6WdiEqI0RcPhlOZ2WscZEHzUah&index=224,Yoshiko,2026-01-29 18:59:37,2026-01-28 18:00:06,False
Gunz For Hire - Dia De Los Muertos (official videoclip),https://www.youtube.com/watch?v=ERMlOK52uVQ&list=PLblHf1C6WdiEqI0RcPhlOZ2WscZEHzUah&index=223,Gunz For Hire,2026-01-30 16:18:45,2023-11-10 11:00:12,False
DJ Ella feat. Ricky J - Welcome To The Club (Jan Wayne Remix),https://www.youtube.com/watch?v=bpIubUoEF0o&list=PLblHf1C6WdiEqI0RcPhlOZ2WscZEHzUah&index=222,HandsUp 4 Ever,2026-01-31 11:14:23,2013-09-26 01:52:48,False
Modesto - Day Into Night,https://www.youtube.com/watch?v=3KMCx5EGLA0&list=PLblHf1C6WdiEqI0RcPhlOZ2WscZEHzUah&index=221,Q-dance Music,2026-02-05 17:46:33,2026-02-04 08:00:04,False
Rooler & Warface & MC Shocker - LET DA BASS!! (Official Videoclip),https://www.youtube.com/watch?v=9s8EFoCcJrc&list=PLblHf1C6WdiEqI0RcPhlOZ2WscZEHzUah&index=220,Aggressive Records,2026-02-05 17:53:38,2026-02-05 09:00:13,False
Dimitri K & D-Fence - Hardcore Vibes Remix (Official Videoclip),https://www.youtube.com/watch?v=24oizD3otIs&list=PLblHf1C6WdiEqI0RcPhlOZ2WscZEHzUah&index=219,Dimitri K,2026-02-06 17:29:52,2026-02-05 18:00:06,False
Hard Driver & Sound Rush - Beyond Boundaries (Reverze Anthem 2026) (Official Video Clip),https://www.youtube.com/watch?v=UIw6xNY-mpQ&list=PLblHf1C6WdiEqI0RcPhlOZ2WscZEHzUah&index=218,Dirty Workz,2026-02-06 17:37:17,2026-02-06 11:06:27,False
Namara - Close Your Eyes [Official Videoclip],https://www.youtube.com/watch?v=-Xe-xzEwe3A&list=PLblHf1C6WdiEqI0RcPhlOZ2WscZEHzUah&index=217,dequinoxhardcore,2026-02-07 14:42:25,2024-02-16 10:30:00,False
Kronos - Turn Off Your Mind | Official Hardstyle Video,https://www.youtube.com/watch?v=hDL3S7iJYAs&list=PLblHf1C6WdiEqI0RcPhlOZ2WscZEHzUah&index=216,Scantraxx,2026-02-08 17:43:58,2025-09-18 08:00:57,False
Wasted Penguinz & Jesse Jax - My Heart (Official Hardstyle Visualizer),https://www.youtube.com/watch?v=90L-qV8X50U&list=PLblHf1C6WdiEqI0RcPhlOZ2WscZEHzUah&index=215,Dirty Workz,2026-02-09 19:24:01,2026-01-15 16:00:23,False
caelum ➖ inside (official visualizer),https://www.youtube.com/watch?v=O5U_QDgZu-g&list=PLblHf1C6WdiEqI0RcPhlOZ2WscZEHzUah&index=214,inner circle,2026-02-09 19:26:01,2026-01-26 23:37:54,False
AG - Kepid ka,https://www.youtube.com/watch?v=KSFhSBe2Wkc&list=PLblHf1C6WdiEqI0RcPhlOZ2WscZEHzUah&index=213,AG,2026-02-11 18:03:01,2026-01-15 22:00:01,False
Tream - Drago Augustino☀️ (Official Video),https://www.youtube.com/watch?v=Fqzn4Jkzy7c&list=PLblHf1C6WdiEqI0RcPhlOZ2WscZEHzUah&index=212,Tream,2026-02-11 18:18:18,2025-06-05 21:59:07,False
Tream x Mia Julia - HERZBLATT (AUA AUA),https://www.youtube.com/watch?v=UJQP7tBJBNM&list=PLblHf1C6WdiEqI0RcPhlOZ2WscZEHzUah&index=211,Tream,2026-02-11 18:19:39,2025-01-16 19:00:06,False
Tream - 3ER BMW (prod. by Tream),https://www.youtube.com/watch?v=wv5AAsUKaJ8&list=PLblHf1C6WdiEqI0RcPhlOZ2WscZEHzUah&index=210,Tream,2026-02-11 18:20:17,2022-06-09 22:00:12,False
AG - Musiga ei piirdu,https://www.youtube.com/watch?v=jaMBXe0frGk&list=PLblHf1C6WdiEqI0RcPhlOZ2WscZEHzUah&index=209,AG,2026-02-11 18:45:44,2025-10-02 21:00:04,False
Korsakoff & Partyraiser - Edison (Official Videoclip),https://www.youtube.com/watch?v=AGSP09D481s&list=PLblHf1C6WdiEqI0RcPhlOZ2WscZEHzUah&index=208,Masters of Hardcore,2026-02-15 13:01:51,2022-05-06 09:00:07,False
ERABREAK - SURREAL | Official Hardstyle Visualizer,https://www.youtube.com/watch?v=hYwtTUjAQkk&list=PLblHf1C6WdiEqI0RcPhlOZ2WscZEHzUah&index=207,Scantraxx,2026-02-20 17:27:00,2026-02-20 11:01:18,False
Dr. Peacock - Traceless,https://www.youtube.com/watch?v=8H1eG4ApC_0&list=PLblHf1C6WdiEqI0RcPhlOZ2WscZEHzUah&index=206,Dr. Peacock,2026-02-20 19:33:03,2026-02-19 17:00:08,False
World Is Mine,https://www.youtube.com/watch?v=_OoCQVtch38&list=PLblHf1C6WdiEqI0RcPhlOZ2WscZEHzUah&index=205,Showtek - Topic,2026-02-22 16:44:43,2018-02-13 01:53:50,False
Rebelion & Adjuzt - FIRE IN YOUR BRAIN,https://www.youtube.com/watch?v=LfPnSmw5Uiw&list=PLblHf1C6WdiEqI0RcPhlOZ2WscZEHzUah&index=204,xKami Project,2026-02-23 14:07:05,2023-11-23 20:38:57,False
Frontliner - You Made It | Official Hardstyle Visualizer,https://www.youtube.com/watch?v=x3P6XFe6WuA&list=PLblHf1C6WdiEqI0RcPhlOZ2WscZEHzUah&index=203,Scantraxx,2026-02-23 14:50:53,2025-05-16 08:00:06,False
HYSTA & PROMO | FREQUENCY 📡  (OFFICIAL MUSIC VIDEO),https://www.youtube.com/watch?v=t3RqOANiuSM&list=PLblHf1C6WdiEqI0RcPhlOZ2WscZEHzUah&index=202,Hysta Official,2026-02-26 18:15:25,2026-02-26 17:00:06,False
Hard Driver - Embrace The Physical (Official Video),https://www.youtube.com/watch?v=jB6hMnfqsyY&list=PLblHf1C6WdiEqI0RcPhlOZ2WscZEHzUah&index=201,Dirty Workz,2026-02-27 16:20:01,2022-04-28 17:00:15,False
Jebroer x Maxwell x LIZOT - Guck Mal,https://www.youtube.com/watch?v=Xhyi6tDWSlU&list=PLblHf1C6WdiEqI0RcPhlOZ2WscZEHzUah&index=200,ROQ 'N ROLLA Music,2026-02-27 16:21:45,2026-02-27 14:00:07,False
Yoshiko & Antenora - Rip This (Official Videoclip),https://www.youtube.com/watch?v=0zGrAJILhh8&list=PLblHf1C6WdiEqI0RcPhlOZ2WscZEHzUah&index=199,Yoshiko,2026-02-27 20:40:10,2026-02-25 18:00:06,False
Paul Elstak & Anime - Sound The Alarm,https://www.youtube.com/watch?v=ygcmE1sIJV8&list=PLblHf1C6WdiEqI0RcPhlOZ2WscZEHzUah&index=198,Paul Elstak,2026-02-27 21:07:23,2026-02-26 23:01:20,False
Mindful Candy,https://www.youtube.com/watch?v=WmOQjoK0Hfs&list=PLblHf1C6WdiEqI0RcPhlOZ2WscZEHzUah&index=197,Catscan - Topic,2026-02-28 08:36:42,2016-12-04 12:32:05,False
Dr. Peacock & Odium & Da Mouth of Madness - Still Standing Strong,https://www.youtube.com/watch?v=7iKqRKUSkNI&list=PLblHf1C6WdiEqI0RcPhlOZ2WscZEHzUah&index=196,Frenchcore Worldwide Recordings,2026-03-01 15:44:55,2022-07-01 10:39:11,False
Aftershock - Coming Home | 4K Official Videoclip  [Hardstyle],https://www.youtube.com/watch?v=LbQFm_zo9xs&list=PLblHf1C6WdiEqI0RcPhlOZ2WscZEHzUah&index=195,Aftershock,2026-03-02 18:03:44,2024-08-09 13:18:38,False
RAYZEN - Before We Die (Ducal Remix),https://www.youtube.com/watch?v=DQ8BYbnht6Q&list=PLblHf1C6WdiEqI0RcPhlOZ2WscZEHzUah&index=194,Q-dance Music,2026-03-04 17:34:14,2026-03-04 09:00:13,False
I Could Be Yoshi,https://www.youtube.com/watch?v=y4HM4d6p2NM&list=PLblHf1C6WdiEqI0RcPhlOZ2WscZEHzUah&index=193,yoshiko - Topic,2026-03-04 18:10:04,2026-01-01 10:04:23,False
HYSTA & RADIUM 🎩 U WILL BE MINE (LEKKERFACES REMIX) OFFICIAL MUSIC VIDEO,https://www.youtube.com/watch?v=sYqjJuY8kJE&list=PLblHf1C6WdiEqI0RcPhlOZ2WscZEHzUah&index=192,Hysta Official,2026-03-07 14:06:46,2025-04-04 09:00:06,False
Korsakoff - Full bottled (Korsakoff & PLN-B Remix) (Official Videoclip),https://www.youtube.com/watch?v=9It2cv7jml4&list=PLblHf1C6WdiEqI0RcPhlOZ2WscZEHzUah&index=191,Masters of Hardcore,2026-03-13 21:18:13,2026-03-13 16:00:14,False
Miss K8 - Like An Earthquake,https://www.youtube.com/watch?v=gjLwQuEpSi8&list=PLblHf1C6WdiEqI0RcPhlOZ2WscZEHzUah&index=190,Miss K8,2026-03-20 20:58:32,2026-03-20 11:00:06,False
Riot Shift x Dr Donk - DROWN (Official Videoclip),https://www.youtube.com/watch?v=ZRtLpPzae_o&list=PLblHf1C6WdiEqI0RcPhlOZ2WscZEHzUah&index=189,Aggressive Records,2026-03-20 20:59:19,2026-03-20 09:01:01,False
Sound Rush & The Straikerz - Rise (Official Video),https://www.youtube.com/watch?v=ijlmmrsPzbg&list=PLblHf1C6WdiEqI0RcPhlOZ2WscZEHzUah&index=188,Sound Rush,2026-03-20 21:10:28,2026-03-20 11:01:18,False
THE DANCEFLOOR BURNS - Mr. Bassmeister & Bruebie [FRENCHCORE 2026],https://www.youtube.com/watch?v=90o9bfC-CHY&list=PLblHf1C6WdiEqI0RcPhlOZ2WscZEHzUah&index=187,Mr. Bassmeister,2026-03-21 13:22:40,2026-03-20 06:53:51,False
Digital Mindz & Miia Solar - Legends Rise (Official Video),https://www.youtube.com/watch?v=ehb-a5SzxKo&list=PLblHf1C6WdiEqI0RcPhlOZ2WscZEHzUah&index=186,Digital Mindz,2026-03-21 20:43:49,2026-03-19 16:00:06,False
Levenkhan & EQUAL2 - WALK IT OUT (Official Videoclip),https://www.youtube.com/watch?v=y0XXB8wEZEk&list=PLblHf1C6WdiEqI0RcPhlOZ2WscZEHzUah&index=185,Aggressive Records,2026-03-26 11:41:25,2026-03-12 18:01:07,False
Never Surrender - Punch In The Face [Official Videoclip],https://www.youtube.com/watch?v=Wkh2nvGrbT8&list=PLblHf1C6WdiEqI0RcPhlOZ2WscZEHzUah&index=184,NEVER SURRENDER,2026-03-27 06:42:53,2026-03-27 06:31:24,False
Noiseflow & Schlot - Another Day In Paradise | Official Visualizer,https://www.youtube.com/watch?v=_b_8Lvp5Wow&list=PLblHf1C6WdiEqI0RcPhlOZ2WscZEHzUah&index=183,Scantraxx,2026-03-27 10:09:58,2026-03-27 10:00:47,False
Frontliner & Hardstyle Pianist - Trouble | Official Hardstyle Visualizer,https://www.youtube.com/watch?v=iOa3oXJfZks&list=PLblHf1C6WdiEqI0RcPhlOZ2WscZEHzUah&index=182,Scantraxx,2026-03-28 07:11:48,2026-03-27 11:01:04,False
Hyperverb - Is This A Dream (Bumloco Remix),https://www.youtube.com/watch?v=0Q3aEGCAMVY&list=PLblHf1C6WdiEqI0RcPhlOZ2WscZEHzUah&index=181,Hyperverb,2026-03-30 12:57:40,2026-03-26 19:35:40,False
No Sleep,https://www.youtube.com/watch?v=7pfOc7AVllY&list=PLblHf1C6WdiEqI0RcPhlOZ2WscZEHzUah&index=179,The Dope Doctor - Topic,2026-04-02 17:03:14,2026-03-25 10:02:33,False
Rebelion & Warface - Filthy Rave (Official Hardstyle Video),https://www.youtube.com/watch?v=0dMbomREZ5o&list=PLblHf1C6WdiEqI0RcPhlOZ2WscZEHzUah&index=178,Dirty Workz,2026-04-02 17:03:34,2026-04-01 17:00:06,False
LOSE YOUR MIND,https://www.youtube.com/watch?v=yG-G20RNqus&list=PLblHf1C6WdiEqI0RcPhlOZ2WscZEHzUah&index=177,Kenai - Topic,2026-04-02 17:10:02,2026-03-26 10:03:40,False
BMW,https://www.youtube.com/watch?v=L2TnbnEsW1k&list=PLblHf1C6WdiEqI0RcPhlOZ2WscZEHzUah&index=176,DJ TÖRKE - Topic,2026-04-02 17:14:48,2026-03-26 17:17:57,False
Crypsis & Alex B - Our Game (Official Music Video),https://www.youtube.com/watch?v=6SKwDZM8M3I&list=PLblHf1C6WdiEqI0RcPhlOZ2WscZEHzUah&index=175,Crypsis,2026-04-03 11:01:10,2026-04-03 10:00:06,False
"Opgekonkerd, Invaderz & Gezellige Uptempo - Bouncezaag (Official Uptempo Videoclip)",https://www.youtube.com/watch?v=9FdjxBLZ96w&list=PLblHf1C6WdiEqI0RcPhlOZ2WscZEHzUah&index=174,Opgekonkerd,2026-04-03 17:56:10,2026-03-26 12:00:06,False
Age Of Love & Hysta - The Age Of Love (Hard Remix) | (Official Music Video),https://www.youtube.com/watch?v=3qfDe3FEi0g&list=PLblHf1C6WdiEqI0RcPhlOZ2WscZEHzUah&index=173,Q-dance Music,2026-04-09 17:34:12,2026-04-09 16:00:06,False
Rooler & Kronos - FCK DOOM ZAAG! (Official Visualizer),https://www.youtube.com/watch?v=fsGP3Vi34iU&list=PLblHf1C6WdiEqI0RcPhlOZ2WscZEHzUah&index=172,Aggressive Records,2026-04-10 12:08:04,2026-04-10 08:00:53,False
ZIGGY X  – DER BASS MUSS,https://www.youtube.com/watch?v=82VkoRkHAxI&list=PLblHf1C6WdiEqI0RcPhlOZ2WscZEHzUah&index=171,ZIGGY X,2026-04-11 07:35:08,2026-04-10 17:34:59,False
Pretty Green Eyes,https://www.youtube.com/watch?v=ARu5IrUhOUk&list=PLblHf1C6WdiEqI0RcPhlOZ2WscZEHzUah&index=170,Juliëx - Topic,2026-04-15 12:37:28,2026-04-02 10:03:13,False
Lost and Found,https://www.youtube.com/watch?v=dkQwox06eRw&list=PLblHf1C6WdiEqI0RcPhlOZ2WscZEHzUah&index=169,The Pitcher - Topic,2026-04-19 05:30:32,2026-04-16 10:01:07,False
Hysta & Korsakoff - Little Things (Official Videoclip),https://www.youtube.com/watch?v=52yyr-Vju8Q&list=PLblHf1C6WdiEqI0RcPhlOZ2WscZEHzUah&index=168,Masters of Hardcore,2026-04-19 13:46:01,2025-10-23 16:00:07,False
Builder - Her Voice (Headhunterz Remix) [N-XD EDIT],https://www.youtube.com/watch?v=tz-2yRALvTk&list=PLblHf1C6WdiEqI0RcPhlOZ2WscZEHzUah&index=167,N-XD,2026-04-19 13:46:54,2024-12-14 17:00:52,False
WANT YOU,https://www.youtube.com/watch?v=l44YUwRhbNg&list=PLblHf1C6WdiEqI0RcPhlOZ2WscZEHzUah&index=166,N-XD - Topic,2026-04-19 13:47:20,2026-03-18 10:03:09,False
HYSTA & OPHIDIAN 🍂  FALLING DOWN (OFFICIAL MUSIC VIDEO),https://www.youtube.com/watch?v=FMDMrihsi-M&list=PLblHf1C6WdiEqI0RcPhlOZ2WscZEHzUah&index=165,Hysta Official,2026-04-19 13:47:52,2025-05-15 18:00:06,False
Too Loud,https://www.youtube.com/watch?v=hX_Ift_ltXk&list=PLblHf1C6WdiEqI0RcPhlOZ2WscZEHzUah&index=164,The Pitcher - Topic,2026-04-20 04:27:41,2026-04-16 10:01:09,False
Face The Music,https://www.youtube.com/watch?v=Nyc0RS5ibGk&list=PLblHf1C6WdiEqI0RcPhlOZ2WscZEHzUah&index=163,The Pitcher - Topic,2026-04-20 04:30:17,2026-04-16 10:00:40,False
Long Lost Friend (feat. Sam LeMay),https://www.youtube.com/watch?v=gxZXcQUajwI&list=PLblHf1C6WdiEqI0RcPhlOZ2WscZEHzUah&index=162,The Pitcher - Topic,2026-04-20 04:32:19,2026-04-16 10:01:17,False
Still,https://www.youtube.com/watch?v=Pcye6FO4wRM&list=PLblHf1C6WdiEqI0RcPhlOZ2WscZEHzUah&index=161,The Pitcher - Topic,2026-04-20 04:33:58,2026-04-16 10:00:40,False
Wild Zone,https://www.youtube.com/watch?v=Nrw6GdDhu_Q&list=PLblHf1C6WdiEqI0RcPhlOZ2WscZEHzUah&index=160,The Pitcher - Topic,2026-04-20 04:36:57,2026-04-16 10:00:38,False
Never Back Down (feat. Sam LeMay),https://www.youtube.com/watch?v=Fspjpp64JT0&list=PLblHf1C6WdiEqI0RcPhlOZ2WscZEHzUah&index=159,The Pitcher - Topic,2026-04-20 04:37:04,2026-04-16 10:00:32,False
Aftershock x Masterblaster x DJ Gollum x BassWar & CaoX - Everywhere (Official Video),https://www.youtube.com/watch?v=BxuqVdZMKUQ&list=PLblHf1C6WdiEqI0RcPhlOZ2WscZEHzUah&index=158,BassWar & CaoX,2026-04-20 04:46:30,2026-04-17 16:00:06,False
Elevate (feat. Sam LeMay),https://www.youtube.com/watch?v=Abjf_D06Ma8&list=PLblHf1C6WdiEqI0RcPhlOZ2WscZEHzUah&index=157,The Pitcher - Topic,2026-04-20 04:49:01,2021-09-15 10:04:19,False
Barber - Paradise (Official Videoclip),https://www.youtube.com/watch?v=aVwZmKKbKP0&list=PLblHf1C6WdiEqI0RcPhlOZ2WscZEHzUah&index=156,Barbaric Records,2026-04-20 04:52:16,2022-11-03 16:00:10,False
Endless Sacrifice,https://www.youtube.com/watch?v=MdV3-Kmb-XA&list=PLblHf1C6WdiEqI0RcPhlOZ2WscZEHzUah&index=155,Irradiate - Topic,2026-04-20 04:55:18,2022-05-26 10:05:50,False
Power And The Glory 2025,https://www.youtube.com/watch?v=VeJPqacWY68&list=PLblHf1C6WdiEqI0RcPhlOZ2WscZEHzUah&index=154,Noiseflow - Topic,2026-04-20 04:55:41,2025-07-03 10:04:33,False
Jackro - Downfall (Radio Edit),https://www.youtube.com/watch?v=f8p0kcwNvpw&list=PLblHf1C6WdiEqI0RcPhlOZ2WscZEHzUah&index=153,Jackro,2026-04-20 14:44:02,2023-07-12 22:00:09,False
BREAK IT DOWN (Pro Mix),https://www.youtube.com/watch?v=cd9wmi00mvM&list=PLblHf1C6WdiEqI0RcPhlOZ2WscZEHzUah&index=152,Brutalizer - Topic,2026-04-20 18:30:54,2026-04-09 10:01:26,False
Levenkhan - DIE YOUNG (Official Videoclip),https://www.youtube.com/watch?v=JsUzAouhRpY&list=PLblHf1C6WdiEqI0RcPhlOZ2WscZEHzUah&index=151,Aggressive Records,2026-04-24 16:44:37,2026-04-24 08:00:21,False
Ran-D - Never Shut Us Down (Shutdown Festival 2022 Anthem) (OUT NOW),https://www.youtube.com/watch?v=DcZ47jDxg-I&list=PLblHf1C6WdiEqI0RcPhlOZ2WscZEHzUah&index=150,Roughstate,2026-04-26 16:38:59,2022-07-27 22:00:13,False
Ravewalker - Never Gonna Fool Me Again,https://www.youtube.com/watch?v=R8QFStaubb0&list=PLblHf1C6WdiEqI0RcPhlOZ2WscZEHzUah&index=149,Q-dance Music,2026-04-29 18:10:16,2026-04-29 07:00:33,False
JDX ft. Sarah Maria - Live The Moment (Unplugged Version) | Official Hardstyle Visualizer,https://www.youtube.com/watch?v=Sv6YS4eYs14&list=PLblHf1C6WdiEqI0RcPhlOZ2WscZEHzUah&index=148,Scantraxx,2026-05-04 05:19:24,2026-03-20 11:01:01,False
phuture noize - recover me. (visualizer),https://www.youtube.com/watch?v=mPvy-If9Xcs&list=PLblHf1C6WdiEqI0RcPhlOZ2WscZEHzUah&index=147,Phuture Noize,2026-05-07 17:59:40,2026-05-07 17:18:43,False
Pixel Affection - S3RL x Epic Schmetterling x Sylinda,https://www.youtube.com/watch?v=nBoflgnfNAI&list=PLblHf1C6WdiEqI0RcPhlOZ2WscZEHzUah&index=146,S3RL,2026-05-07 18:25:32,2026-05-07 05:09:29,False
A-RIZE - Get Me There | Official Hardstyle Visualizer,https://www.youtube.com/watch?v=T7sA1jW18-o&list=PLblHf1C6WdiEqI0RcPhlOZ2WscZEHzUah&index=145,Scantraxx,2026-05-07 18:38:23,2026-05-07 08:00:35,False
Riot Shift - ERASE ME (Official Visualizer),https://www.youtube.com/watch?v=VriQsXKFayw&list=PLblHf1C6WdiEqI0RcPhlOZ2WscZEHzUah&index=144,Aggressive Records,2026-05-08 15:33:19,2026-05-08 08:00:28,False
The Elite - Reborn (Official Hardstyle Video),https://www.youtube.com/watch?v=xpdVZQg_mOs&list=PLblHf1C6WdiEqI0RcPhlOZ2WscZEHzUah&index=143,Dirty Workz,2026-05-08 17:33:59,2026-05-07 17:00:06,False
Korsakoff & Re-Style x DJ Konik - Legacy (Atlantis) (Official Music Video),https://www.youtube.com/watch?v=TFZMb9EeGbk&list=PLblHf1C6WdiEqI0RcPhlOZ2WscZEHzUah&index=142,Re-Style,2026-05-12 15:31:47,2026-05-11 17:13:31,False
Riot Shift - KILL THE ACHE (Official Videoclip),https://www.youtube.com/watch?v=ohSQJN8tUgU&list=PLblHf1C6WdiEqI0RcPhlOZ2WscZEHzUah&index=141,Aggressive Records,2026-05-12 17:26:27,2026-05-11 16:30:06,False
Mish - DETONATE (Official Hardstyle Video),https://www.youtube.com/watch?v=w-iYkbxPSXk&list=PLblHf1C6WdiEqI0RcPhlOZ2WscZEHzUah&index=140,Dirty Workz,2026-05-12 17:53:06,2026-05-07 10:00:06,False
Riot Shift & Levenkhan ft. Bennykaay - TILL MY HEART STOPS (KRACH EDIT) (Official Visualizer),https://www.youtube.com/watch?v=9Pyt8GEzHSE&list=PLblHf1C6WdiEqI0RcPhlOZ2WscZEHzUah&index=139,Aggressive Records,2026-05-13 18:19:03,2026-05-08 08:59:04,False
Sub Zero Project - Our World (Official Hardstyle Video),https://www.youtube.com/watch?v=MjzVA5lcHpQ&list=PLblHf1C6WdiEqI0RcPhlOZ2WscZEHzUah&index=138,Dirty Workz,2026-05-15 15:19:46,2026-05-14 17:00:06,False
DJ Dean & Victor F. - This Is My Sound,https://www.youtube.com/watch?v=lRzpOHaauS0&list=PLblHf1C6WdiEqI0RcPhlOZ2WscZEHzUah&index=137,Mental Madness Records,2026-05-15 20:47:53,2026-05-14 22:00:06,False
Hyperverb - So Lonely | Q-dance presents QORE,https://www.youtube.com/watch?v=NGDr1O9LMeI&list=PLblHf1C6WdiEqI0RcPhlOZ2WscZEHzUah&index=136,Q-dance Music,2026-05-16 07:47:13,2022-04-29 09:35:31,False
Dj Thera - Tranceparency (Official Videoclip),https://www.youtube.com/watch?v=vVqWEyCdITk&list=PLblHf1C6WdiEqI0RcPhlOZ2WscZEHzUah&index=135,Dj Thera,2026-05-16 08:26:53,2022-02-25 16:00:49,False
Zatox & Zyon - Rave Again (Official Video),https://www.youtube.com/watch?v=NlT1nlt3-no&list=PLblHf1C6WdiEqI0RcPhlOZ2WscZEHzUah&index=134,Dirty Workz,2026-05-16 08:28:50,2021-06-17 17:00:10,False
Yoshiko - Disturbia (Official Videoclip),https://www.youtube.com/watch?v=3eeTFoajeEk&list=PLblHf1C6WdiEqI0RcPhlOZ2WscZEHzUah&index=133,Yoshiko,2026-05-16 09:02:28,2026-04-29 16:23:26,False
Nightcraft & Tha Watcher - Shadows | Official Music Video,https://www.youtube.com/watch?v=L6or9xLAVO4&list=PLblHf1C6WdiEqI0RcPhlOZ2WscZEHzUah&index=132,Scantraxx,2026-05-16 12:21:24,2022-09-02 14:00:09,False
"Justė, Jaxstyle, Jon - Turn The Lights Off (Paul Elstak Remix) [Official Audio]",https://www.youtube.com/watch?v=ccy5gfY7jv0&list=PLblHf1C6WdiEqI0RcPhlOZ2WscZEHzUah&index=131,Spinnin' Records,2026-05-19 11:17:34,2026-05-18 15:00:54,False
The Purge & Coldax & Hans Glock - SIDEQUEST (Tetris Mix) (Official Hardstyle Videoclip),https://www.youtube.com/watch?v=ZX_hNhYx5V4&list=PLblHf1C6WdiEqI0RcPhlOZ2WscZEHzUah&index=130,Dirty Workz,2026-05-22 13:07:18,2026-05-22 10:00:06,False
Unproven  - Our Rebirth (Official Videoclip),https://www.youtube.com/watch?v=s9i1b4U5_Gw&list=PLblHf1C6WdiEqI0RcPhlOZ2WscZEHzUah&index=129,Unproven,2026-05-22 13:08:32,2026-05-22 10:00:20,False
xense ➖ levitate (official visualizer),https://www.youtube.com/watch?v=QXxu33YhZHE&list=PLblHf1C6WdiEqI0RcPhlOZ2WscZEHzUah&index=128,inner circle,2026-05-23 19:41:48,2026-03-19 15:00:45,False
GPF - ALORS ON FUCK (Official Visualiser),https://www.youtube.com/watch?v=vyY-NuyR6OI&list=PLblHf1C6WdiEqI0RcPhlOZ2WscZEHzUah&index=127,GPF,2026-05-24 11:43:27,2026-05-10 08:12:40,False
WHERE I BELONG - ENDYMION & HYSTA (OFFICIAL MUSIC VIDEO),https://www.youtube.com/watch?v=8fB3St7kFwY&list=PLblHf1C6WdiEqI0RcPhlOZ2WscZEHzUah&index=126,Hysta Official,2026-05-29 19:03:34,2026-05-28 16:00:06,False
Showtek & SHOWTEKNO - Hell Of A Night (Official Visualizer),https://www.youtube.com/watch?v=WnxxiBBJ1Gk&list=PLblHf1C6WdiEqI0RcPhlOZ2WscZEHzUah&index=125,Q-dance Music,2026-05-29 19:43:01,2026-05-29 08:00:46,False
Run To You,https://www.youtube.com/watch?v=2hjp9bVSWOg&list=PLblHf1C6WdiEqI0RcPhlOZ2WscZEHzUah&index=124,Novaspace - Topic,2026-05-31 09:57:55,2023-01-05 10:08:56,False
Come Out Of Your Darkness,https://www.youtube.com/watch?v=9kf9t7oEkLU&list=PLblHf1C6WdiEqI0RcPhlOZ2WscZEHzUah&index=123,Novaspace - Topic,2026-05-31 11:33:40,2023-01-05 10:04:23,False
AniMe - Make It Break (Official Music Video),https://www.youtube.com/watch?v=6GpW7tvMLFw&list=PLblHf1C6WdiEqI0RcPhlOZ2WscZEHzUah&index=122,Q-dance Music,2026-06-04 13:04:10,2026-06-04 10:00:12,False
2 Engel & Charlie - noch einmal,https://www.youtube.com/watch?v=VLbNFaXlYoY&list=PLblHf1C6WdiEqI0RcPhlOZ2WscZEHzUah&index=121,2 Engel & Charlie,2026-06-06 18:12:17,2026-06-04 22:00:18,False
Brennan Heart & B-Front - The Code (Official Video),https://www.youtube.com/watch?v=YEO2WMVNMm8&list=PLblHf1C6WdiEqI0RcPhlOZ2WscZEHzUah&index=120,I AM HARDSTYLE,2026-06-07 11:31:50,2021-02-18 18:20:01,False
Krowdexx & Dimitri K - IN ANOTHER LIFE (Official Videoclip),https://www.youtube.com/watch?v=PilWwRTWRC0&list=PLblHf1C6WdiEqI0RcPhlOZ2WscZEHzUah&index=119,Aggressive Records,2026-06-11 15:14:13,2026-06-11 08:00:06,False
Vertile - Dancing In The Moonlight (official videoclip),https://www.youtube.com/watch?v=U_JFZiRYffc&list=PLblHf1C6WdiEqI0RcPhlOZ2WscZEHzUah&index=118,Vertile,2026-06-11 16:56:46,2026-06-11 14:00:32,False
Hard Driver - BODY MOVE (Official Hardstyle Videoclip),https://www.youtube.com/watch?v=3IlbvFkGPmg&list=PLblHf1C6WdiEqI0RcPhlOZ2WscZEHzUah&index=117,Dirty Workz,2026-06-11 17:45:56,2026-06-11 17:00:06,False
MilleniumKid & JBS - Vielleicht Vielleicht (D-Sturb Bootleg),https://www.youtube.com/watch?v=XGflwqecB_4&list=PLblHf1C6WdiEqI0RcPhlOZ2WscZEHzUah&index=116,D-Sturb,2026-06-12 12:51:43,2026-06-12 10:00:11,False
Scooter - No Rewind,https://www.youtube.com/watch?v=nwgwobYG6Kk&list=PLblHf1C6WdiEqI0RcPhlOZ2WscZEHzUah&index=115,Scooter,2026-06-12 12:53:18,2026-06-11 22:00:17,False
The Viper & Panic - Rave With You (Official Videoclip),https://www.youtube.com/watch?v=OmYNTPCrcBs&list=PLblHf1C6WdiEqI0RcPhlOZ2WscZEHzUah&index=114,Neophyte Records,2026-06-12 12:54:29,2026-06-12 10:00:06,False
Nightcraft - The Path | Official Hardstyle Visualizer,https://www.youtube.com/watch?v=a8ArXSQcMnk&list=PLblHf1C6WdiEqI0RcPhlOZ2WscZEHzUah&index=113,Scantraxx,2026-06-12 13:01:03,2026-06-12 09:00:28,False
KidEast - So Damn Good | Official Hardstyle Visualizer,https://www.youtube.com/watch?v=-QuTjW8cLcA&list=PLblHf1C6WdiEqI0RcPhlOZ2WscZEHzUah&index=112,Scantraxx,2026-06-12 19:08:24,2026-06-11 11:00:29,False
Levenkhan & Yoshiko - FCK SHIII UP  (Official Videoclip),https://www.youtube.com/watch?v=xAvn3ry5gx8&list=PLblHf1C6WdiEqI0RcPhlOZ2WscZEHzUah&index=111,Aggressive Records,2026-06-12 20:12:15,2024-11-21 17:00:07,False
Deathroar - Comet | Official Visualizer,https://www.youtube.com/watch?v=QVvIZoz4UE4&list=PLblHf1C6WdiEqI0RcPhlOZ2WscZEHzUah&index=110,Peacock Records,2026-06-12 20:26:20,2026-06-11 22:00:25,False
Twilight Love,https://www.youtube.com/watch?v=9UGWPqbbRSE&list=PLblHf1C6WdiEqI0RcPhlOZ2WscZEHzUah&index=109,The Pitcher - Topic,2026-06-12 20:33:15,2026-06-10 10:00:23,False
Malua - Solution | Official Audio,https://www.youtube.com/watch?v=03Cy9YNF2nM&list=PLblHf1C6WdiEqI0RcPhlOZ2WscZEHzUah&index=108,Derailed Traxx,2026-06-13 12:15:18,2026-06-11 22:00:40,False
KELVIN FARHEAVEN - Feel Your Love | Official Audio,https://www.youtube.com/watch?v=oXghuJe2RkI&list=PLblHf1C6WdiEqI0RcPhlOZ2WscZEHzUah&index=107,Derailed Traxx,2026-06-13 15:42:08,2026-06-04 22:00:28,False
Paul Elstak & Warface - To The Stars (Official Music Video),https://www.youtube.com/watch?v=8MIP800YVhc&list=PLblHf1C6WdiEqI0RcPhlOZ2WscZEHzUah&index=106,Paul Elstak,2026-06-13 20:23:53,2026-06-12 07:28:42,False
Bass Prototype - Set Me Free | Official Audio,https://www.youtube.com/watch?v=FHag7qSpnVg&list=PLblHf1C6WdiEqI0RcPhlOZ2WscZEHzUah&index=105,Derailed Traxx,2026-06-13 20:52:29,2026-02-04 23:00:21,False
VENNIC & Deltex - The Crown | Official Audio,https://www.youtube.com/watch?v=ORvob7iCsmc&list=PLblHf1C6WdiEqI0RcPhlOZ2WscZEHzUah&index=104,Derailed Traxx,2026-06-14 08:34:11,2025-12-03 23:00:35,False
Aversion & BIG K - DANCE PARTY!!! (Official Videoclip),https://www.youtube.com/watch?v=kz6z4E00OSk&list=PLblHf1C6WdiEqI0RcPhlOZ2WscZEHzUah&index=103,Aversion,2026-06-17 17:06:54,2026-06-17 15:00:30,False
"Sickmode, GPF & Dr Donk - KISS KISS (Official Videoclip)",https://www.youtube.com/watch?v=IeJlet0-AZk&list=PLblHf1C6WdiEqI0RcPhlOZ2WscZEHzUah&index=102,Aggressive Records,2026-06-18 16:45:34,2026-06-18 08:00:39,False
6 Little Eggs,https://www.youtube.com/watch?v=6Ji6bXP-afU&list=PLblHf1C6WdiEqI0RcPhlOZ2WscZEHzUah&index=101,Lil Texas - Topic,2026-06-18 16:52:13,2026-06-11 10:02:31,False
Da Tweekaz & The Straikerz - Dancefloor Therapy (Official Hardstyle Video),https://www.youtube.com/watch?v=15nnANILqrQ&list=PLblHf1C6WdiEqI0RcPhlOZ2WscZEHzUah&index=100,Dirty Workz,2026-06-20 10:28:18,2026-06-18 10:00:06,False
Aversion & Dimitri K - Stop Playing | Defqon.1 Records,https://www.youtube.com/watch?v=RIsZm9BdDCs&list=PLblHf1C6WdiEqI0RcPhlOZ2WscZEHzUah&index=99,Q-dance Music,2026-06-21 13:36:03,2024-04-19 10:00:06,False
4444 Of A Kind - Waiting 4 (Official Music Video) (D-Block & S-te-Fan & Sub Zero Project),https://www.youtube.com/watch?v=6yHzbNrEXK4&list=PLblHf1C6WdiEqI0RcPhlOZ2WscZEHzUah&index=98,4444 OF A KIND,2026-06-21 14:20:59,2026-06-18 17:00:06,False
Dimitri K & Satirized ft. Diandra Faye - Dimension  (Official Music Video),https://www.youtube.com/watch?v=uw3F9rbEDsQ&list=PLblHf1C6WdiEqI0RcPhlOZ2WscZEHzUah&index=97,Q-dance Music,2026-06-21 14:22:48,2026-06-19 08:00:08,False
NINE2NINE - ECHO (Official Audio),https://www.youtube.com/watch?v=FcsYCkcMurQ&list=PLblHf1C6WdiEqI0RcPhlOZ2WscZEHzUah&index=96,Acid Reign,2026-06-25 16:04:35,2026-06-04 12:00:02,False
D-Block & S-te-Fan & Dual Damage - Tomorrow Can Wait | Official Video,https://www.youtube.com/watch?v=vPBqW8M-9T0&list=PLblHf1C6WdiEqI0RcPhlOZ2WscZEHzUah&index=95,Dual Damage,2026-06-27 14:13:30,2026-06-24 15:00:08,False
Frontliner - Discorecord [HQ Original],https://www.youtube.com/watch?v=wgXS4SBNnVM&list=PLblHf1C6WdiEqI0RcPhlOZ2WscZEHzUah&index=94,EuphoricHardStyleZ,2026-07-05 09:57:11,2012-08-24 23:36:43,False
Hyperverb - Closer To My Dreams (Official Videoclip),https://www.youtube.com/watch?v=TiPHF123ezQ&list=PLblHf1C6WdiEqI0RcPhlOZ2WscZEHzUah&index=93,Hyperverb,2026-07-05 14:57:41,2025-01-29 11:40:26,False
D-STURB & E-LIFE - THE SACRED OATH (HYSTA EDIT),https://www.youtube.com/watch?v=ZK_nreACn5o&list=PLblHf1C6WdiEqI0RcPhlOZ2WscZEHzUah&index=92,Hysta Official,2026-07-05 18:17:41,2026-07-05 18:00:06,False
D-Sturb ft. E-Life - Sacred Oath (Defqon.1 2026 Anthem),https://www.youtube.com/watch?v=Nwkq9-6F6Wo&list=PLblHf1C6WdiEqI0RcPhlOZ2WscZEHzUah&index=91,Q-dance,2026-07-05 18:18:44,2026-03-26 20:37:06,False
Wanna Go Fast,https://www.youtube.com/watch?v=gFwwujhEw18&list=PLblHf1C6WdiEqI0RcPhlOZ2WscZEHzUah&index=90,Digital Mindz - Topic,2026-07-06 15:52:09,2026-07-02 10:03:54,False
Feel the Sunlight,https://www.youtube.com/watch?v=9ov0GW4Ruy0&list=PLblHf1C6WdiEqI0RcPhlOZ2WscZEHzUah&index=89,Jeypieh - Topic,2026-07-07 16:55:48,2026-06-04 10:01:28,False
CAN'T LIVE WITHOUT YOU - Mr. Bassmeister & Neko [Pure Massive Records],https://www.youtube.com/watch?v=KMjFRJV6ock&list=PLblHf1C6WdiEqI0RcPhlOZ2WscZEHzUah&index=88,Pure Massive Records,2026-07-07 17:37:02,2026-06-26 05:58:50,False
Testarossa - Ready To Fly,https://www.youtube.com/watch?v=1hsMEqT5CyU&list=PLblHf1C6WdiEqI0RcPhlOZ2WscZEHzUah&index=87,Q-dance Music,2026-07-08 15:57:03,2026-07-08 08:46:11,False
4444 Of A Kind - 4 THE SCENE (Official Music Video) (Sub Zero Project & D-Block & S-te-Fan),https://www.youtube.com/watch?v=MQuRz6GfuHc&list=PLblHf1C6WdiEqI0RcPhlOZ2WscZEHzUah&index=86,Q-dance Music,2026-07-08 17:03:31,2026-07-08 17:00:22,False
Cardination - ECHOES (Official Hardstyle Visualizer),https://www.youtube.com/watch?v=dANLfOuBKq8&list=PLblHf1C6WdiEqI0RcPhlOZ2WscZEHzUah&index=85,Dirty Workz,2026-07-08 19:12:50,2026-07-08 18:36:06,False
Gezellige Uptempo & Pat B - Jumptempo (Official Music Video),https://www.youtube.com/watch?v=SDWNU2i3Ud0&list=PLblHf1C6WdiEqI0RcPhlOZ2WscZEHzUah&index=84,Gezellige Uptempo,2026-07-10 20:30:49,2026-07-08 22:00:06,False
Dr Phunk x Killshot - Never Give Up (Official Video),https://www.youtube.com/watch?v=S0EoBR4r6PI&list=PLblHf1C6WdiEqI0RcPhlOZ2WscZEHzUah&index=83,Dirty Workz,2026-07-11 13:40:09,2021-08-19 17:00:11,False
Sickmode & Krowdexx & Zyon & Teal - OUR LIFE (Official Videoclip),https://www.youtube.com/watch?v=ACPeyLMRJ3s&list=PLblHf1C6WdiEqI0RcPhlOZ2WscZEHzUah&index=82,Aggressive Records,2026-07-17 14:47:45,2026-07-16 08:00:27,False
Bass Modulators - Sacred Flame (Official Music Video),https://www.youtube.com/watch?v=5G82SWgvM_Q&list=PLblHf1C6WdiEqI0RcPhlOZ2WscZEHzUah&index=81,Q-dance Music,2026-07-17 17:41:59,2026-07-17 08:00:21,False
HYSTA - BELONG TO ONE (OFFICIAL MUSIC VIDEO),https://www.youtube.com/watch?v=BH341aWJ5Sk&list=PLblHf1C6WdiEqI0RcPhlOZ2WscZEHzUah&index=80,Hysta Official,2026-07-17 17:47:09,2026-07-16 18:00:06,False
Rebelion & The Saints - Never Coming Down (official videoclip),https://www.youtube.com/watch?v=3KUIzwT1aws&list=PLblHf1C6WdiEqI0RcPhlOZ2WscZEHzUah&index=79,REBiRTH Festival,2026-07-17 18:02:58,2026-07-16 17:00:03,False
TSUNAMI (Hyper Outro),https://www.youtube.com/watch?v=JkfgL16WgnM&list=PLblHf1C6WdiEqI0RcPhlOZ2WscZEHzUah&index=78,Lekkerfaces - Topic,2026-07-17 21:02:39,2026-07-14 13:31:54,False
No More Lies,https://www.youtube.com/watch?v=D4kHh_E1XS4&list=PLblHf1C6WdiEqI0RcPhlOZ2WscZEHzUah&index=77,NIKOLINA (DE) - Topic,2026-07-23 05:27:01,2026-05-05 11:05:10,False
HYSTA & DYPH 🩷 KISS ME AGAIN 🩷 (OFFICIAL MUSIC VIDEO),https://www.youtube.com/watch?v=GyvgJBqRvws&list=PLblHf1C6WdiEqI0RcPhlOZ2WscZEHzUah&index=76,Hysta Official,2026-07-24 07:07:59,2026-07-23 18:00:06,False
Frontliner - Discorecord (Galactixx Remix) (Official Music Video),https://www.youtube.com/watch?v=eCq3EkVf2rk&list=PLblHf1C6WdiEqI0RcPhlOZ2WscZEHzUah&index=75,Q-dance Music,2026-07-24 11:34:51,2026-07-24 07:00:12,False
Evil Activities & MYST - Sacrifice (Official Videoclip),https://www.youtube.com/watch?v=x3TXEJIxzl4&list=PLblHf1C6WdiEqI0RcPhlOZ2WscZEHzUah&index=74,Masters of Hardcore,2026-07-25 12:07:42,2024-07-30 10:01:02,False
Odium - Here Alone (Official Music Video),https://www.youtube.com/watch?v=BHjc6Wfiq4Y&list=PLblHf1C6WdiEqI0RcPhlOZ2WscZEHzUah&index=73,odium,2026-07-25 12:51:03,2026-07-23 22:00:06,False
Confucius (Original Mix),https://www.youtube.com/watch?v=02XPHPh2v7Y&list=PLblHf1C6WdiEqI0RcPhlOZ2WscZEHzUah&index=72,Noisecontrollers - Topic,2026-07-25 16:57:57,2026-07-23 08:21:18,False
Darkside Of Emotions,https://www.youtube.com/watch?v=n8BKn2uiZ-4&list=PLblHf1C6WdiEqI0RcPhlOZ2WscZEHzUah&index=71,Noisecontrollers - Topic,2026-07-25 18:02:26,2026-07-23 08:19:57,False
D-Sturb - Higher Lately (ft. Nathalie Blue) | Basscon Records,https://www.youtube.com/watch?v=_9-vDaCH8so&list=PLblHf1C6WdiEqI0RcPhlOZ2WscZEHzUah&index=70,Basscon,2026-07-27 16:31:23,2026-07-10 04:00:19,False
Chaotic - Light We Carry,https://www.youtube.com/watch?v=825jFQPwtnE&list=PLblHf1C6WdiEqI0RcPhlOZ2WscZEHzUah&index=69,Q-dance Music,2026-07-29 11:16:21,2026-07-29 10:14:34,False
ROMANCEPLANET - OVER TONIGHT (OFFICIAL AUDIO),https://www.youtube.com/watch?v=FRMtp2ZCmpc&list=PLblHf1C6WdiEqI0RcPhlOZ2WscZEHzUah&index=68,ROMANCEPLANET,2026-07-31 15:22:35,2026-07-31 07:00:07,False
Thyron - hold on | Official Hardstyle Visualizer,https://www.youtube.com/watch?v=6KSCG_9Z-0E&list=PLblHf1C6WdiEqI0RcPhlOZ2WscZEHzUah&index=67,Scantraxx,2026-07-31 18:24:59,2026-07-29 23:00:20,False
Solstice - Can't Let Go (Official Hardstyle Visualizer),https://www.youtube.com/watch?v=NZGeGH3cEVs&list=PLblHf1C6WdiEqI0RcPhlOZ2WscZEHzUah&index=66,Dirty Workz,2026-07-31 18:53:38,2026-07-31 10:00:25,False
Kronos - HYMN 4 THE WKND (Official Music Video),https://www.youtube.com/watch?v=ZQmbvujPzFw&list=PLblHf1C6WdiEqI0RcPhlOZ2WscZEHzUah&index=65,Q-dance Music,2026-08-01 07:38:43,2026-05-08 07:15:02,False
FIGHTER'S HEART - Bruebie [Pure Massive Records],https://www.youtube.com/watch?v=lDikLPc3_JQ&list=PLblHf1C6WdiEqI0RcPhlOZ2WscZEHzUah&index=64,Pure Massive Records,2026-08-02 12:30:59,2025-11-07 05:49:20,False
Dual Damage & Phuture Noize - When Sound Meets Sound (Official REBiRTH Festival 2026 Anthem),https://www.youtube.com/watch?v=nJeDMkhGS5k&list=PLblHf1C6WdiEqI0RcPhlOZ2WscZEHzUah&index=63,REBiRTH Festival,2026-08-05 12:03:34,2026-03-12 11:01:21,False
Phuture Noize & DEEZL - My Misery,https://www.youtube.com/watch?v=nK5IHd_JYw8&list=PLblHf1C6WdiEqI0RcPhlOZ2WscZEHzUah&index=62,Phuture Noize,2026-08-06 19:34:00,2026-08-06 18:47:47,False
Resilience - Ecstacy † (Official Audio),https://www.youtube.com/watch?v=9Y92ouwXbt4&list=PLblHf1C6WdiEqI0RcPhlOZ2WscZEHzUah&index=61,RSLVD Records,2026-08-07 21:48:40,2026-08-07 06:25:32,False
LOKIMITDERMASKE X LIL TEXAS X DJ TÖRKE - HYPA HYPA,https://www.youtube.com/watch?v=h43tlkxXbfI&list=PLblHf1C6WdiEqI0RcPhlOZ2WscZEHzUah&index=60,LOKIMITDERMASKE,2026-08-08 06:22:44,2026-08-06 22:00:06,False
GHOSTS,https://www.youtube.com/watch?v=cqjkEkf5fYw&list=PLblHf1C6WdiEqI0RcPhlOZ2WscZEHzUah&index=59,N-XD - Topic,2026-08-10 03:48:30,2026-08-05 10:04:37,False
The Saints - Danza Kuduro (Remix) (Official Hardstyle Videoclip),https://www.youtube.com/watch?v=ea_sckmwL8Y&list=PLblHf1C6WdiEqI0RcPhlOZ2WscZEHzUah&index=58,Dirty Workz,2026-08-13 15:35:51,2026-08-13 11:00:06,False
2 Engel & Charlie - Ruf mich an,https://www.youtube.com/watch?v=-iQ2Fx3TJBc&list=PLblHf1C6WdiEqI0RcPhlOZ2WscZEHzUah&index=57,2 Engel & Charlie,2026-08-15 05:40:18,2026-08-13 19:00:06,False
RAYZEN & Dr.Z - Nothing To Lose (Official Rawtempo Music),https://www.youtube.com/watch?v=8Td1n6gTtDg&list=PLblHf1C6WdiEqI0RcPhlOZ2WscZEHzUah&index=56,RAYZEN,2026-08-16 06:05:37,2026-08-14 09:30:06,False
Ducal & Re-Vane - All In Me,https://www.youtube.com/watch?v=nS1e4M_UtJw&list=PLblHf1C6WdiEqI0RcPhlOZ2WscZEHzUah&index=55,Q-dance Music,2026-08-19 15:31:57,2026-08-18 22:00:16,False
Aversion & Adrenalize - GOTTA STAY (Official Videoclip),https://www.youtube.com/watch?v=70csXVTGMqs&list=PLblHf1C6WdiEqI0RcPhlOZ2WscZEHzUah&index=54,Aversion,2026-08-19 17:40:24,2026-08-19 15:00:30,False
Rulers Of Chaos (Official Masters of Hardcore Austria 2024 Anthem),https://www.youtube.com/watch?v=XFm3YYLGW84&list=PLblHf1C6WdiEqI0RcPhlOZ2WscZEHzUah&index=53,Hysta - Topic,2026-08-19 18:11:10,2024-01-03 10:01:47,False
"DJ TÖRKE, FiNCH, Doktormethoden & Doktormithoden - 50 KUBiK (Official Music Video)",https://www.youtube.com/watch?v=3D3Tw1ErrnQ&list=PLblHf1C6WdiEqI0RcPhlOZ2WscZEHzUah&index=52,DJ TÖRKE,2026-08-21 16:43:01,2026-08-20 18:00:06,False
Sound Rush - Stand Together (Sana Duri 2026 OST) (Official Video),https://www.youtube.com/watch?v=R-Be3KT-3MI&list=PLblHf1C6WdiEqI0RcPhlOZ2WscZEHzUah&index=51,Sound Rush,2026-08-21 18:13:12,2026-08-21 10:00:26,False
antergy ➖ remedy (official visualizer),https://www.youtube.com/watch?v=iUcuVS54K3c&list=PLblHf1C6WdiEqI0RcPhlOZ2WscZEHzUah&index=50,inner circle,2026-08-21 19:55:05,2026-08-20 16:01:36,False
Immortal,https://www.youtube.com/watch?v=A1xYj9VEJb0&list=PLblHf1C6WdiEqI0RcPhlOZ2WscZEHzUah&index=49,TCM - Topic,2026-08-22 09:19:28,2026-07-21 10:39:04,False
Lekkerfaces & TOZA - REAL INSANITY (Official Videoclip),https://www.youtube.com/watch?v=p80A0zUi_3o&list=PLblHf1C6WdiEqI0RcPhlOZ2WscZEHzUah&index=48,Lekkerfaces,2026-08-27 06:12:30,2026-08-26 21:50:32,False
Lil Texas & ALBINO - Gabber Cowboy (Official Music Video),https://www.youtube.com/watch?v=xFlcOX9r60o&list=PLblHf1C6WdiEqI0RcPhlOZ2WscZEHzUah&index=47,ALBINO,2026-08-27 06:34:47,2026-08-26 22:13:51,False
Geck-O - Soul Train (Ecstatic Remix) (Official Music Video),https://www.youtube.com/watch?v=IoSTtcTUCxI&list=PLblHf1C6WdiEqI0RcPhlOZ2WscZEHzUah&index=46,Q-dance Music,2026-08-27 07:18:11,2026-08-27 07:00:07,False
Unresolved - Maze of Scars † (Official Video),https://www.youtube.com/watch?v=dSskxKvXWx4&list=PLblHf1C6WdiEqI0RcPhlOZ2WscZEHzUah&index=45,Unresolved,2026-08-29 02:21:09,2026-08-27 05:29:39,False
Sickmode & Odium - MAKE ME FEEL,https://www.youtube.com/watch?v=S5U8IxYBkGs&list=PLblHf1C6WdiEqI0RcPhlOZ2WscZEHzUah&index=44,Intents Festival,2026-08-30 08:52:15,2026-08-27 10:00:25,False
INVADE & Karun - The Lonely Chapter,https://www.youtube.com/watch?v=lg4KPCjT14o&list=PLblHf1C6WdiEqI0RcPhlOZ2WscZEHzUah&index=43,Masters of Hardcore,2026-08-30 11:26:00,2026-08-27 22:00:04,False
LE BRUIT,https://www.youtube.com/watch?v=7YDl3qLznR4&list=PLblHf1C6WdiEqI0RcPhlOZ2WscZEHzUah&index=42,RDØ - Topic,2026-08-31 04:19:12,2026-01-22 10:04:43,False
HYPNOTIC,https://www.youtube.com/watch?v=F-egCqa36bU&list=PLblHf1C6WdiEqI0RcPhlOZ2WscZEHzUah&index=41,RDØ - Topic,2026-08-31 04:22:01,2025-01-15 10:04:40,False
ROBBERY,https://www.youtube.com/watch?v=3Xsan24DwjQ&list=PLblHf1C6WdiEqI0RcPhlOZ2WscZEHzUah&index=40,RDØ - Topic,2026-08-31 04:26:22,2025-10-29 10:02:42,False
ONCE UPON A TIME,https://www.youtube.com/watch?v=F7wIyUfrLyM&list=PLblHf1C6WdiEqI0RcPhlOZ2WscZEHzUah&index=39,El Desperado - Topic,2026-09-02 10:51:04,2026-07-19 10:04:54,False
I Love It,https://www.youtube.com/watch?v=vQlPLxCJyPM&list=PLblHf1C6WdiEqI0RcPhlOZ2WscZEHzUah&index=38,STV - Topic,2026-09-02 10:54:27,2025-07-03 10:05:32,False
Destined For Destruction (Angerfist Remix),https://www.youtube.com/watch?v=aC2iAFFJCN0&list=PLblHf1C6WdiEqI0RcPhlOZ2WscZEHzUah&index=37,Hellfish - Topic,2026-09-02 10:55:15,2025-12-17 10:01:16,False
Hoppa,https://www.youtube.com/watch?v=HIFtVcllMWk&list=PLblHf1C6WdiEqI0RcPhlOZ2WscZEHzUah&index=36,Irradiate - Topic,2026-09-02 11:04:04,2025-08-28 10:02:52,False
GODEFROY,https://www.youtube.com/watch?v=eevhszHQUSg&list=PLblHf1C6WdiEqI0RcPhlOZ2WscZEHzUah&index=35,Perceval - Topic,2026-09-02 11:05:34,2026-05-07 10:04:06,False
WALK ON WATER (LA LA LA),https://www.youtube.com/watch?v=esrxYUA9lIw&list=PLblHf1C6WdiEqI0RcPhlOZ2WscZEHzUah&index=34,Jiyagi - Topic,2026-09-02 11:08:01,2024-04-07 10:00:23,False
Blow Speaker,https://www.youtube.com/watch?v=5M6ilL8Rgi8&list=PLblHf1C6WdiEqI0RcPhlOZ2WscZEHzUah&index=33,The Critical Surrender - Topic,2026-09-02 11:08:41,2025-12-09 10:02:56,False
Echoes Of Rave,https://www.youtube.com/watch?v=iloOnWpbjGs&list=PLblHf1C6WdiEqI0RcPhlOZ2WscZEHzUah&index=32,Spiritvs - Topic,2026-09-02 11:11:02,2025-02-05 10:04:46,False
Auf Wiedersehen,https://www.youtube.com/watch?v=dNlQopheXb4&list=PLblHf1C6WdiEqI0RcPhlOZ2WscZEHzUah&index=31,The Dope Doctor - Topic,2026-09-02 11:12:53,2026-02-11 10:03:46,False
Multiprise,https://www.youtube.com/watch?v=6-EgfzdQktg&list=PLblHf1C6WdiEqI0RcPhlOZ2WscZEHzUah&index=30,Free Calotek - Topic,2026-09-02 11:13:32,2020-02-06 09:49:12,False
Gunz For Hire - Let's Go Insane (Into the Madness OST) (official videoclip),https://www.youtube.com/watch?v=bf1uAVf6EUg&list=PLblHf1C6WdiEqI0RcPhlOZ2WscZEHzUah&index=29,Gunz For Hire,2026-09-03 07:22:23,2023-09-07 14:00:25,False
Self Aware,https://www.youtube.com/watch?v=jzlY9qdDrLo&list=PLblHf1C6WdiEqI0RcPhlOZ2WscZEHzUah&index=28,Jiyagi - Topic,2026-09-05 10:32:41,2026-06-25 10:00:08,False
Die Leute Wollen Krach,https://www.youtube.com/watch?v=C893thdzoYM&list=PLblHf1C6WdiEqI0RcPhlOZ2WscZEHzUah&index=27,vANE - Topic,2026-09-05 10:38:59,2025-08-05 10:04:10,False
Example - Changed The Way You Kiss Me (Blasterjaxx Remix // Free Download),https://www.youtube.com/watch?v=PZAoNwMXqpA&list=PLblHf1C6WdiEqI0RcPhlOZ2WscZEHzUah&index=26,Blasterjaxx,2026-09-05 10:41:05,2026-07-06 15:00:24,False
GUARDIAN TEKK!,https://www.youtube.com/watch?v=8zF7eg1WiH4&list=PLblHf1C6WdiEqI0RcPhlOZ2WscZEHzUah&index=25,LXXVEME - Topic,2026-09-05 10:55:33,2026-08-31 10:01:42,False
FEVER,https://www.youtube.com/watch?v=zx1lgEuVzpA&list=PLblHf1C6WdiEqI0RcPhlOZ2WscZEHzUah&index=24,N-XD - Topic,2026-09-05 12:58:55,2026-01-07 10:01:45,False
KISS ME AGAIN (Hard Edit),https://www.youtube.com/watch?v=nNAqnvt7rIk&list=PLblHf1C6WdiEqI0RcPhlOZ2WscZEHzUah&index=23,Hysta - Topic,2026-09-06 08:25:10,2026-07-23 10:03:17,False
Remzcore - Sweater Weather 🥰,https://www.youtube.com/watch?v=KGxEtXi90KA&list=PLblHf1C6WdiEqI0RcPhlOZ2WscZEHzUah&index=22,Remzcore,2026-09-06 09:32:13,2022-02-07 17:00:10,False
Jiyagi - Run Away (Official Video),https://www.youtube.com/watch?v=n-h2Risv_Ck&list=PLblHf1C6WdiEqI0RcPhlOZ2WscZEHzUah&index=21,Jiyagi,2026-09-07 05:20:00,2023-05-20 09:40:19,False
call me back,https://www.youtube.com/watch?v=A_YXYuqDBDw&list=PLblHf1C6WdiEqI0RcPhlOZ2WscZEHzUah&index=20,Ordinary Kid - Topic,2026-09-08 04:54:41,2026-05-28 22:01:14,False
4444 OF A KIND - 4 THE RAVE (Official Music Video) (D-Block & S-te-Fan & Sub Zero Project),https://www.youtube.com/watch?v=snBxdkqdfPE&list=PLblHf1C6WdiEqI0RcPhlOZ2WscZEHzUah&index=19,4444 OF A KIND,2026-09-11 14:46:25,2026-09-10 17:00:06,False
Ran-D - Level Up (Knockout Outdoor 2026 Anthem),https://www.youtube.com/watch?v=LzLnZbLD59g&list=PLblHf1C6WdiEqI0RcPhlOZ2WscZEHzUah&index=18,Ran-D,2026-09-11 16:25:10,2026-09-11 09:30:37,False
Jiyagi - Take My Hand (Official Video),https://www.youtube.com/watch?v=IAbFW--_35s&list=PLblHf1C6WdiEqI0RcPhlOZ2WscZEHzUah&index=17,Jiyagi,2026-09-14 04:55:35,2023-03-04 17:09:15,False
Hard Driver & The Purge - PUMP THE MUSIC (Official Hardstyle Videoclip),https://www.youtube.com/watch?v=np5gN2dvpyA&list=PLblHf1C6WdiEqI0RcPhlOZ2WscZEHzUah&index=16,Dirty Workz,2026-09-14 14:28:29,2026-01-08 18:00:06,False
Maxtreme - Never Say Goodbye,https://www.youtube.com/watch?v=NebAUzrCn0o&list=PLblHf1C6WdiEqI0RcPhlOZ2WscZEHzUah&index=15,MaXtreme,2026-09-15 04:59:11,2026-03-15 10:12:20,False
HYSTA 🩸 NO TRACE (OFFICIAL MUSIC VIDEO),https://www.youtube.com/watch?v=aR4Jfk_kVhg&list=PLblHf1C6WdiEqI0RcPhlOZ2WscZEHzUah&index=14,Hysta Official,2026-09-15 05:13:26,2025-07-03 16:00:27,False
Mish - Just The Way You Are (Official Hardstyle Video),https://www.youtube.com/watch?v=oCeQSzCsWd4&list=PLblHf1C6WdiEqI0RcPhlOZ2WscZEHzUah&index=13,Dirty Workz,2026-09-17 17:12:35,2026-09-17 15:00:06,False
Never Say Goodbye,https://www.youtube.com/watch?v=QmAJEt3VmDQ&list=PLblHf1C6WdiEqI0RcPhlOZ2WscZEHzUah&index=12,Bmberjck - Topic,2026-09-18 05:20:16,2026-04-08 10:03:02,False
Lasgo - Wonderful (2025) (4K Tunez UK),https://www.youtube.com/watch?v=KKLEJOB3iVU&list=PLblHf1C6WdiEqI0RcPhlOZ2WscZEHzUah&index=11,4K Tunez UK,2026-09-19 18:21:49,2025-10-26 16:00:27,False
Dimitri K - No Mercy (Official Videoclip),https://www.youtube.com/watch?v=x0gl9NLdjSs&list=PLblHf1C6WdiEqI0RcPhlOZ2WscZEHzUah&index=10,Dimitri K,2026-09-20 06:17:41,2026-09-18 23:19:11,False
Meccano Twins - Alpha release (T.R.S.E. - TRSE 025),https://www.youtube.com/watch?v=ZDgQYxWArdE&list=PLblHf1C6WdiEqI0RcPhlOZ2WscZEHzUah&index=9,Traxtorm Records,2026-09-20 08:17:54,2010-03-10 13:38:07,False
Deadly Guns & The Dark Horror - In The Pit (Official Videoclip),https://www.youtube.com/watch?v=5RZ6kBM45tI&list=PLblHf1C6WdiEqI0RcPhlOZ2WscZEHzUah&index=8,Deadly Guns,2026-09-21 14:02:42,2026-08-12 16:00:07,False
Dither x Never Surrender - Do It Like This (Official Videoclip),https://www.youtube.com/watch?v=8ojCK_geuo4&list=PLblHf1C6WdiEqI0RcPhlOZ2WscZEHzUah&index=7,Neophyte Records,2026-09-21 14:06:27,2022-09-30 10:00:14,False
Time Is Ticking,https://www.youtube.com/watch?v=Ps5FJVo2JXU&list=PLblHf1C6WdiEqI0RcPhlOZ2WscZEHzUah&index=6,Jiyagi - Topic,2026-09-22 17:05:29,2025-12-25 10:00:41,False
HYSTA & RDØ - TOGETHER 💜 (OFFICIAL MUSIC VIDEO),https://www.youtube.com/watch?v=7y5mSQek_zM&list=PLblHf1C6WdiEqI0RcPhlOZ2WscZEHzUah&index=5,Hysta Official,2026-09-23 17:18:11,2026-09-23 16:00:06,False
Exoform - Colourless Oppression (Official Video),https://www.youtube.com/watch?v=kVVistAQYJU&list=PLblHf1C6WdiEqI0RcPhlOZ2WscZEHzUah&index=4,Gearbox Digital,2026-09-23 17:31:58,2026-09-23 17:00:11,False
Mia Julia x AlphaBeat x Blondee - Mami hat viel Geld (Offizielles Musikvideo),https://www.youtube.com/watch?v=Fj4n7_TqXDE&list=PLblHf1C6WdiEqI0RcPhlOZ2WscZEHzUah&index=3,Mia Julia,2026-09-23 18:41:34,2026-09-23 16:00:08,False
Unresolved x Level One - Misery † (Official Video),https://www.youtube.com/watch?v=vvwPZ9ZPOHo&list=PLblHf1C6WdiEqI0RcPhlOZ2WscZEHzUah&index=2,Unresolved,2026-09-24 17:35:51,2026-09-24 06:13:46,False
Aftershock - Let Go,https://www.youtube.com/watch?v=XO28oJSbt6g&list=PLblHf1C6WdiEqI0RcPhlOZ2WscZEHzUah&index=1,Aftershock,2026-09-25 14:49:04,2026-09-25 07:00:06,False
